table_name,record_id,metric_key,module,current_label,current_value,frontend_text_found,frontend_file_path,recommended_label,confidence_level,reason,requires_review,possible_risk
public.ingestion_data,0d285ae9-e54d-4270-a2fb-f513e252b4a7,gp_modules_gp_views_gp_mockups_001,gp,"$6,047,500","$6,047,500",Total Capital Raise (LP),modules/Gp/views/gp mockups.html,Total Capital Raise (LP),high,Derived from the nearest visible card/detail label.,false,"Low runtime risk: app logic uses metric_key, not label, for reads and updates. Medium operational risk: extract-ingestion-data.mjs regenerates label and reseeding/upsert by metric_key would overwrite manual DB changes."
public.ingestion_data,fa9cbc0b-f150-44a9-848c-8c8e09c02a60,gp_modules_gp_views_gp_mockups_002,gp,"$2,530,000","$2,530,000",PPC Sponsor Groups,modules/Gp/views/gp mockups.html,PPC Sponsor Groups,high,Derived from the nearest visible card/detail label.,false,"Low runtime risk: app logic uses metric_key, not label, for reads and updates. Medium operational risk: extract-ingestion-data.mjs regenerates label and reseeding/upsert by metric_key would overwrite manual DB changes."
public.ingestion_data,7215834e-6785-4bd1-a34b-3c73daab9fbd,gp_modules_gp_views_gp_mockups_003,gp,35%,35%,GP / LP Share,modules/Gp/views/gp mockups.html,GP / LP Share,high,Derived from the nearest visible card/detail label.,false,"Low runtime risk: app logic uses metric_key, not label, for reads and updates. Medium operational risk: extract-ingestion-data.mjs regenerates label and reseeding/upsert by metric_key would overwrite manual DB changes."
public.ingestion_data,3eb60d8d-45c7-49c8-b5eb-d4325a025dee,gp_modules_gp_views_gp_mockups_004,gp,65%,65%,GP / LP Share,modules/Gp/views/gp mockups.html,GP / LP Share,high,Derived from the nearest visible card/detail label.,false,"Low runtime risk: app logic uses metric_key, not label, for reads and updates. Medium operational risk: extract-ingestion-data.mjs regenerates label and reseeding/upsert by metric_key would overwrite manual DB changes."
public.ingestion_data,a5a1a67b-ece5-483a-ae77-b7d3d463bace,gp_modules_gp_views_gp_mockups_005,gp,"$400,000","$400,000",Total Capital Raise (LP),modules/Gp/views/gp mockups.html,Total Capital Raise (LP),high,Derived from the nearest visible card/detail label.,false,"Low runtime risk: app logic uses metric_key, not label, for reads and updates. Medium operational risk: extract-ingestion-data.mjs regenerates label and reseeding/upsert by metric_key would overwrite manual DB changes."
public.ingestion_data,ca9a8b04-386e-48f2-a242-20774cecaa74,gp_modules_gp_views_gp_mockups_006,gp,2.3150%,2.3150%,VCP + Partners (Virendra Patel Group),modules/Gp/views/gp mockups.html,VCP + Partners (Virendra Patel Group),high,Derived from the nearest visible card/detail label.,false,"Low runtime risk: app logic uses metric_key, not label, for reads and updates. Medium operational risk: extract-ingestion-data.mjs regenerates label and reseeding/upsert by metric_key would overwrite manual DB changes."
public.ingestion_data,e9d17c43-35ae-49c5-868e-712ebdd55768,gp_modules_gp_views_gp_mockups_007,gp,"$6,528","$6,528",PPC Sponsor Groups (6 GPs),modules/Gp/views/gp mockups.html,PPC Sponsor Groups (6 GPs),high,Derived from the nearest visible card/detail label.,false,"Low runtime risk: app logic uses metric_key, not label, for reads and updates. Medium operational risk: extract-ingestion-data.mjs regenerates label and reseeding/upsert by metric_key would overwrite manual DB changes."
public.ingestion_data,de7db443-378f-4f86-9880-0aea1a1500d4,gp_modules_gp_views_gp_mockups_008,gp,"$660,000","$660,000",GP Carve Out (Project Interest),modules/Gp/views/gp mockups.html,GP Carve Out (Project Interest),high,Derived from the nearest visible card/detail label.,false,"Low runtime risk: app logic uses metric_key, not label, for reads and updates. Medium operational risk: extract-ingestion-data.mjs regenerates label and reseeding/upsert by metric_key would overwrite manual DB changes."
public.ingestion_data,b1fbfcb1-5bbe-49c3-a87a-7e949838d457,gp_modules_gp_views_gp_mockups_009,gp,3.8198%,3.8198%,LP Share of Project,modules/Gp/views/gp mockups.html,LP Share of Project,high,Derived from the nearest visible card/detail label.,false,"Low runtime risk: app logic uses metric_key, not label, for reads and updates. Medium operational risk: extract-ingestion-data.mjs regenerates label and reseeding/upsert by metric_key would overwrite manual DB changes."
public.ingestion_data,048e56eb-93bc-4f91-97a3-a2942fdc66d7,gp_modules_gp_views_gp_mockups_010,gp,"$10,772","$10,772",Anne Santos | Capital Raised,modules/Gp/views/gp mockups.html,Anne Santos | Capital Raised,high,Derived from visible table row and column headers.,false,"Low runtime risk: app logic uses metric_key, not label, for reads and updates. Medium operational risk: extract-ingestion-data.mjs regenerates label and reseeding/upsert by metric_key would overwrite manual DB changes."
public.ingestion_data,f910272a-0124-4dee-965f-cdad2fa7f951,gp_modules_gp_views_gp_mockups_011,gp,"$350,000","$350,000",Anne Santos | GP Project %,modules/Gp/views/gp mockups.html,Anne Santos | GP Project %,high,Derived from visible table row and column headers.,false,"Low runtime risk: app logic uses metric_key, not label, for reads and updates. Medium operational risk: extract-ingestion-data.mjs regenerates label and reseeding/upsert by metric_key would overwrite manual DB changes."
public.ingestion_data,d1ef5308-5e0e-4391-aa60-d0433ed131b6,gp_modules_gp_views_gp_mockups_012,gp,2.0256%,2.0256%,Anne Santos | Est. Acq. Fee,modules/Gp/views/gp mockups.html,Anne Santos | Est. Acq. Fee,high,Derived from visible table row and column headers.,false,"Low runtime risk: app logic uses metric_key, not label, for reads and updates. Medium operational risk: extract-ingestion-data.mjs regenerates label and reseeding/upsert by metric_key would overwrite manual DB changes."
public.ingestion_data,e4fa190d-f103-4f90-95cd-70f22f45ecdb,gp_modules_gp_views_gp_mockups_013,gp,"$5,712","$5,712",Jeanine Witten | Capital Raised,modules/Gp/views/gp mockups.html,Jeanine Witten | Capital Raised,high,Derived from visible table row and column headers.,false,"Low runtime risk: app logic uses metric_key, not label, for reads and updates. Medium operational risk: extract-ingestion-data.mjs regenerates label and reseeding/upsert by metric_key would overwrite manual DB changes."
public.ingestion_data,d44875ca-6739-49cb-97cc-227e3e76ba77,gp_modules_gp_views_gp_mockups_014,gp,"$410,000","$410,000",Jeanine Witten | GP Project %,modules/Gp/views/gp mockups.html,Jeanine Witten | GP Project %,high,Derived from visible table row and column headers.,false,"Low runtime risk: app logic uses metric_key, not label, for reads and updates. Medium operational risk: extract-ingestion-data.mjs regenerates label and reseeding/upsert by metric_key would overwrite manual DB changes."
public.ingestion_data,efafb332-5fd9-4a34-b9ac-569df7466744,gp_modules_gp_views_gp_mockups_015,gp,2.3729%,2.3729%,Jeanine Witten | Est. Acq. Fee,modules/Gp/views/gp mockups.html,Jeanine Witten | Est. Acq. Fee,high,Derived from visible table row and column headers.,false,"Low runtime risk: app logic uses metric_key, not label, for reads and updates. Medium operational risk: extract-ingestion-data.mjs regenerates label and reseeding/upsert by metric_key would overwrite manual DB changes."
public.ingestion_data,dec8fd34-faec-4c33-81f5-6ee71a76dbcc,gp_modules_gp_views_gp_mockups_016,gp,"$6,692","$6,692",Giulianna Pino | Capital Raised,modules/Gp/views/gp mockups.html,Giulianna Pino | Capital Raised,high,Derived from visible table row and column headers.,false,"Low runtime risk: app logic uses metric_key, not label, for reads and updates. Medium operational risk: extract-ingestion-data.mjs regenerates label and reseeding/upsert by metric_key would overwrite manual DB changes."
public.ingestion_data,ab17f2f1-8cb7-46af-984e-01799a785af2,gp_modules_gp_views_gp_mockups_017,gp,"$460,000","$460,000",Giulianna Pino | GP Project %,modules/Gp/views/gp mockups.html,Giulianna Pino | GP Project %,high,Derived from visible table row and column headers.,false,"Low runtime risk: app logic uses metric_key, not label, for reads and updates. Medium operational risk: extract-ingestion-data.mjs regenerates label and reseeding/upsert by metric_key would overwrite manual DB changes."
public.ingestion_data,3d40e380-2c10-474e-9028-e345413ba8b2,gp_modules_gp_views_gp_mockups_018,gp,2.6623%,2.6623%,Giulianna Pino | Est. Acq. Fee,modules/Gp/views/gp mockups.html,Giulianna Pino | Est. Acq. Fee,high,Derived from visible table row and column headers.,false,"Low runtime risk: app logic uses metric_key, not label, for reads and updates. Medium operational risk: extract-ingestion-data.mjs regenerates label and reseeding/upsert by metric_key would overwrite manual DB changes."
public.ingestion_data,cbd56b21-f21a-4791-afc5-dfe64268f2b9,gp_modules_gp_views_gp_mockups_019,gp,"$7,508","$7,508",Vinod Malik | Capital Raised,modules/Gp/views/gp mockups.html,Vinod Malik | Capital Raised,high,Derived from visible table row and column headers.,false,"Low runtime risk: app logic uses metric_key, not label, for reads and updates. Medium operational risk: extract-ingestion-data.mjs regenerates label and reseeding/upsert by metric_key would overwrite manual DB changes."
public.ingestion_data,c2513efe-1e26-4707-a766-091ccc55a722,gp_modules_gp_views_gp_mockups_020,gp,"$250,000","$250,000",Vinod Malik | GP Project %,modules/Gp/views/gp mockups.html,Vinod Malik | GP Project %,high,Derived from visible table row and column headers.,false,"Low runtime risk: app logic uses metric_key, not label, for reads and updates. Medium operational risk: extract-ingestion-data.mjs regenerates label and reseeding/upsert by metric_key would overwrite manual DB changes."
public.ingestion_data,d0248139-0947-493d-b163-fa2c48d29e5a,gp_modules_gp_views_gp_mockups_021,gp,1.4469%,1.4469%,Vinod Malik | Est. Acq. Fee,modules/Gp/views/gp mockups.html,Vinod Malik | Est. Acq. Fee,high,Derived from visible table row and column headers.,false,"Low runtime risk: app logic uses metric_key, not label, for reads and updates. Medium operational risk: extract-ingestion-data.mjs regenerates label and reseeding/upsert by metric_key would overwrite manual DB changes."
public.ingestion_data,c0f5b5fb-2850-4dfa-957e-fa8f839381ab,gp_modules_gp_views_gp_mockups_022,gp,"$4,080","$4,080",Ayesha Khalid,modules/Gp/views/gp mockups.html,Ayesha Khalid,high,Derived from visible table row and column headers.,false,"Low runtime risk: app logic uses metric_key, not label, for reads and updates. Medium operational risk: extract-ingestion-data.mjs regenerates label and reseeding/upsert by metric_key would overwrite manual DB changes."
public.ingestion_data,9e3f12a8-5346-401f-8dbf-b94d58eae36c,gp_modules_gp_views_gp_mockups_023,gp,"$2,530,000","$2,530,000",Ayesha Khalid,modules/Gp/views/gp mockups.html,Ayesha Khalid,high,Derived from visible table row and column headers.,false,"Low runtime risk: app logic uses metric_key, not label, for reads and updates. Medium operational risk: extract-ingestion-data.mjs regenerates label and reseeding/upsert by metric_key would overwrite manual DB changes."
public.ingestion_data,165012ee-da89-4aa6-881d-b5130294e9fb,gp_modules_gp_views_gp_mockups_024,gp,14.6425%,14.6425%,Ayesha Khalid,modules/Gp/views/gp mockups.html,Ayesha Khalid,high,Derived from visible table row and column headers.,false,"Low runtime risk: app logic uses metric_key, not label, for reads and updates. Medium operational risk: extract-ingestion-data.mjs regenerates label and reseeding/upsert by metric_key would overwrite manual DB changes."
public.ingestion_data,45fc8979-d9ba-4271-9c3a-aa6146836f28,gp_modules_gp_views_gp_mockups_025,gp,"$3,517,500","$3,517,500",Paul Landman,modules/Gp/views/gp mockups.html,Paul Landman,high,Derived from visible table row and column headers.,false,"Low runtime risk: app logic uses metric_key, not label, for reads and updates. Medium operational risk: extract-ingestion-data.mjs regenerates label and reseeding/upsert by metric_key would overwrite manual DB changes."
public.ingestion_data,2b944381-7507-438f-8105-4fb8bc3f1576,gp_modules_gp_views_gp_mockups_026,gp,"$6,047,500","$6,047,500",Paul Landman,modules/Gp/views/gp mockups.html,Paul Landman,high,Derived from visible table row and column headers.,false,"Low runtime risk: app logic uses metric_key, not label, for reads and updates. Medium operational risk: extract-ingestion-data.mjs regenerates label and reseeding/upsert by metric_key would overwrite manual DB changes."
public.ingestion_data,dcef4c01-0ce7-4f52-93e6-b953f499afaa,gp_modules_gp_views_gp_mockups_027,gp,"$6,047,500","$6,047,500",Paul Landman,modules/Gp/views/gp mockups.html,Paul Landman,high,Derived from visible table row and column headers.,false,"Low runtime risk: app logic uses metric_key, not label, for reads and updates. Medium operational risk: extract-ingestion-data.mjs regenerates label and reseeding/upsert by metric_key would overwrite manual DB changes."
public.ingestion_data,7062d40f-884c-4d50-b248-673bf17fc425,gp_modules_gp_views_gp_mockups_028,gp,"$3,517,500","$3,517,500",TOTAL PPC,modules/Gp/views/gp mockups.html,TOTAL PPC,high,Derived from visible table row and column headers.,false,"Low runtime risk: app logic uses metric_key, not label, for reads and updates. Medium operational risk: extract-ingestion-data.mjs regenerates label and reseeding/upsert by metric_key would overwrite manual DB changes."
public.ingestion_data,67757f2d-c1e6-487a-bc6a-70388a88eb03,gp_modules_gp_views_gp_mockups_029,gp,"$2,530,000","$2,530,000",TOTAL PPC,modules/Gp/views/gp mockups.html,TOTAL PPC,high,Derived from visible table row and column headers.,false,"Low runtime risk: app logic uses metric_key, not label, for reads and updates. Medium operational risk: extract-ingestion-data.mjs regenerates label and reseeding/upsert by metric_key would overwrite manual DB changes."
public.ingestion_data,87bcdbaf-c656-4d82-b9dc-479cf93c6214,gp_modules_gp_views_gp_mockups_030,gp,35%,35%,VCP + Partners,modules/Gp/views/gp mockups.html,VCP + Partners,high,Derived from visible table row and column headers.,false,"Low runtime risk: app logic uses metric_key, not label, for reads and updates. Medium operational risk: extract-ingestion-data.mjs regenerates label and reseeding/upsert by metric_key would overwrite manual DB changes."
public.ingestion_data,51255a9d-4568-4ef7-9345-d93c79328180,gp_modules_gp_views_gp_mockups_031,gp,65%,65%,GRAND TOTAL RAISE,modules/Gp/views/gp mockups.html,GRAND TOTAL RAISE,high,Derived from visible table row and column headers.,false,"Low runtime risk: app logic uses metric_key, not label, for reads and updates. Medium operational risk: extract-ingestion-data.mjs regenerates label and reseeding/upsert by metric_key would overwrite manual DB changes."
public.ingestion_data,0ed77fe1-aa72-4cf0-9db8-50be7569e40b,gp_modules_gp_views_gp_mockups_032,gp,"$6,047,500","$6,047,500",Amount invested and percent of total raise. Group separators preserve the original workbook hierarchy.,modules/Gp/views/gp mockups.html,Amount invested and percent of total raise. Group separators preserve the original workbook hierarchy.,low,Only nearby section heading was available.,true,"Low runtime risk: app logic uses metric_key, not label, for reads and updates. Medium operational risk: extract-ingestion-data.mjs regenerates label and reseeding/upsert by metric_key would overwrite manual DB changes. Mapping confidence is not high; manual review recommended."
public.ingestion_data,48548b29-2565-4f84-8e54-5b3acd6a7426,gp_modules_gp_views_gp_mockups_033,gp,"$150,000","$150,000",Amount invested and percent of total raise. Group separators preserve the original workbook hierarchy.,modules/Gp/views/gp mockups.html,Amount invested and percent of total raise. Group separators preserve the original workbook hierarchy.,low,Only nearby section heading was available.,true,"Low runtime risk: app logic uses metric_key, not label, for reads and updates. Medium operational risk: extract-ingestion-data.mjs regenerates label and reseeding/upsert by metric_key would overwrite manual DB changes. Mapping confidence is not high; manual review recommended."
public.ingestion_data,c5f2b881-012a-4917-ab55-dc3f3c44cf56,gp_modules_gp_views_gp_mockups_034,gp,2.48%,2.48%,Amount invested and percent of total raise. Group separators preserve the original workbook hierarchy.,modules/Gp/views/gp mockups.html,Amount invested and percent of total raise. Group separators preserve the original workbook hierarchy.,low,Only nearby section heading was available.,true,"Low runtime risk: app logic uses metric_key, not label, for reads and updates. Medium operational risk: extract-ingestion-data.mjs regenerates label and reseeding/upsert by metric_key would overwrite manual DB changes. Mapping confidence is not high; manual review recommended."
public.ingestion_data,b4783615-50f3-4d56-9690-4ebb82c3c838,gp_modules_gp_views_gp_mockups_035,gp,"$50,000","$50,000",Amount invested and percent of total raise. Group separators preserve the original workbook hierarchy.,modules/Gp/views/gp mockups.html,Amount invested and percent of total raise. Group separators preserve the original workbook hierarchy.,low,Only nearby section heading was available.,true,"Low runtime risk: app logic uses metric_key, not label, for reads and updates. Medium operational risk: extract-ingestion-data.mjs regenerates label and reseeding/upsert by metric_key would overwrite manual DB changes. Mapping confidence is not high; manual review recommended."
public.ingestion_data,646f5df3-78d1-4026-8682-ea8cddc75355,gp_modules_gp_views_gp_mockups_036,gp,0.83%,0.83%,"Yes N/A N/A 3 Elizabeth Tan Anne Santos Individual N/A $50,000 0.83% Yes N/A N/A 4<",modules/Gp/views/gp mockups.html,"Yes N/A N/A 3 Elizabeth Tan Anne Santos Individual N/A $50,000 0.83% Yes N/A N/A 4<",low,No clean label found; using nearby visible text for manual review.,true,"Low runtime risk: app logic uses metric_key, not label, for reads and updates. Medium operational risk: extract-ingestion-data.mjs regenerates label and reseeding/upsert by metric_key would overwrite manual DB changes. Mapping confidence is not high; manual review recommended."
public.ingestion_data,cc35a142-7237-4e5f-af8f-94bd16f8849c,gp_modules_gp_views_gp_mockups_037,gp,"$50,000","$50,000","N/A N/A 3 Elizabeth Tan Anne Santos Individual N/A $50,000 0.83% Yes N/A N/A 4 Michael",modules/Gp/views/gp mockups.html,"N/A N/A 3 Elizabeth Tan Anne Santos Individual N/A $50,000 0.83% Yes N/A N/A 4 Michael",low,No clean label found; using nearby visible text for manual review.,true,"Low runtime risk: app logic uses metric_key, not label, for reads and updates. Medium operational risk: extract-ingestion-data.mjs regenerates label and reseeding/upsert by metric_key would overwrite manual DB changes. Mapping confidence is not high; manual review recommended."
public.ingestion_data,fcedcb6a-03f8-4ba4-9e48-fc7071dd06b8,gp_modules_gp_views_gp_mockups_038,gp,0.83%,0.83%,"Yes N/A N/A 4 Michael Kates Anne Santos Individual N/A $50,000 0.83% Yes N/A N/A 5<",modules/Gp/views/gp mockups.html,"Yes N/A N/A 4 Michael Kates Anne Santos Individual N/A $50,000 0.83% Yes N/A N/A 5<",low,No clean label found; using nearby visible text for manual review.,true,"Low runtime risk: app logic uses metric_key, not label, for reads and updates. Medium operational risk: extract-ingestion-data.mjs regenerates label and reseeding/upsert by metric_key would overwrite manual DB changes. Mapping confidence is not high; manual review recommended."
public.ingestion_data,f809aed8-22c3-4a28-b823-30735eedf127,gp_modules_gp_views_gp_mockups_039,gp,"$50,000","$50,000","N/A N/A 4 Michael Kates Anne Santos Individual N/A $50,000 0.83% Yes N/A N/A 5 Sean Rei",modules/Gp/views/gp mockups.html,"N/A N/A 4 Michael Kates Anne Santos Individual N/A $50,000 0.83% Yes N/A N/A 5 Sean Rei",low,No clean label found; using nearby visible text for manual review.,true,"Low runtime risk: app logic uses metric_key, not label, for reads and updates. Medium operational risk: extract-ingestion-data.mjs regenerates label and reseeding/upsert by metric_key would overwrite manual DB changes. Mapping confidence is not high; manual review recommended."
public.ingestion_data,901ba458-0308-405e-a7dc-e6047b8a3f18,gp_modules_gp_views_gp_mockups_040,gp,0.83%,0.83%,"Yes N/A N/A 5 Sean Reiter Anne Santos Individual N/A $50,000 0.83% Yes N/A N/A 6<",modules/Gp/views/gp mockups.html,"Yes N/A N/A 5 Sean Reiter Anne Santos Individual N/A $50,000 0.83% Yes N/A N/A 6<",low,No clean label found; using nearby visible text for manual review.,true,"Low runtime risk: app logic uses metric_key, not label, for reads and updates. Medium operational risk: extract-ingestion-data.mjs regenerates label and reseeding/upsert by metric_key would overwrite manual DB changes. Mapping confidence is not high; manual review recommended."
public.ingestion_data,e500266e-ca9f-4ab8-872b-aa5fb9a13b49,gp_modules_gp_views_gp_mockups_041,gp,"$50,000","$50,000","N/A N/A 5 Sean Reiter Anne Santos Individual N/A $50,000 0.83% Yes N/A N/A 6 Baqir Ja",modules/Gp/views/gp mockups.html,"N/A N/A 5 Sean Reiter Anne Santos Individual N/A $50,000 0.83% Yes N/A N/A 6 Baqir Ja",low,No clean label found; using nearby visible text for manual review.,true,"Low runtime risk: app logic uses metric_key, not label, for reads and updates. Medium operational risk: extract-ingestion-data.mjs regenerates label and reseeding/upsert by metric_key would overwrite manual DB changes. Mapping confidence is not high; manual review recommended."
public.ingestion_data,4824f2b4-8df4-409f-935d-09340d2bcc01,gp_modules_gp_views_gp_mockups_042,gp,0.83%,0.83%,"Yes N/A N/A 6 Baqir Jaffery Anne Santos Individual N/A $50,000 0.83% Yes N/A N/A <tbody aria-label=",modules/Gp/views/gp mockups.html,"Yes N/A N/A 6 Baqir Jaffery Anne Santos Individual N/A $50,000 0.83% Yes N/A N/A <tbody aria-label=",low,No clean label found; using nearby visible text for manual review.,true,"Low runtime risk: app logic uses metric_key, not label, for reads and updates. Medium operational risk: extract-ingestion-data.mjs regenerates label and reseeding/upsert by metric_key would overwrite manual DB changes. Mapping confidence is not high; manual review recommended."
public.ingestion_data,2f7c2742-e545-4e8a-87bf-ba97fe7abd9d,gp_modules_gp_views_gp_mockups_043,gp,"$50,000","$50,000","N/A N/A 6 Baqir Jaffery Anne Santos Individual N/A $50,000 0.83% Yes N/A N/A",modules/Gp/views/gp mockups.html,"N/A N/A 6 Baqir Jaffery Anne Santos Individual N/A $50,000 0.83% Yes N/A N/A",low,No clean label found; using nearby visible text for manual review.,true,"Low runtime risk: app logic uses metric_key, not label, for reads and updates. Medium operational risk: extract-ingestion-data.mjs regenerates label and reseeding/upsert by metric_key would overwrite manual DB changes. Mapping confidence is not high; manual review recommended."
public.ingestion_data,87122ce9-9bcb-47fb-9c25-c5a5c203dbee,gp_modules_gp_views_gp_mockups_044,gp,0.83%,0.83%,"GP GROUP: JEANINE WITTEN 7 Tatiana Friderici Jeanine Witten Individual N/A $60,000 0.99% Yes N/A N/A 8<",modules/Gp/views/gp mockups.html,"GP GROUP: JEANINE WITTEN 7 Tatiana Friderici Jeanine Witten Individual N/A $60,000 0.99% Yes N/A N/A 8<",low,No clean label found; using nearby visible text for manual review.,true,"Low runtime risk: app logic uses metric_key, not label, for reads and updates. Medium operational risk: extract-ingestion-data.mjs regenerates label and reseeding/upsert by metric_key would overwrite manual DB changes. Mapping confidence is not high; manual review recommended."
public.ingestion_data,6b77481d-564e-4138-b98a-fac491dc2441,gp_modules_gp_views_gp_mockups_045,gp,"$60,000","$60,000","GP GROUP: JEANINE WITTEN 7 Tatiana Friderici Jeanine Witten Individual N/A $60,000 0.99% Yes N/A N/A 8 Erica Bu",modules/Gp/views/gp mockups.html,"GP GROUP: JEANINE WITTEN 7 Tatiana Friderici Jeanine Witten Individual N/A $60,000 0.99% Yes N/A N/A 8 Erica Bu",low,No clean label found; using nearby visible text for manual review.,true,"Low runtime risk: app logic uses metric_key, not label, for reads and updates. Medium operational risk: extract-ingestion-data.mjs regenerates label and reseeding/upsert by metric_key would overwrite manual DB changes. Mapping confidence is not high; manual review recommended."
public.ingestion_data,03566418-66a8-4840-a830-944c78b0ca7b,gp_modules_gp_views_gp_mockups_046,gp,0.99%,0.99%,"d> Yes N/A N/A 8 Erica Buchan Jeanine Witten IRA N/A $100,000 1.65% Pending N/A N/A <th scope=""ro",modules/Gp/views/gp mockups.html,"d> Yes N/A N/A 8 Erica Buchan Jeanine Witten IRA N/A $100,000 1.65% Pending N/A N/A <th scope=""ro",low,No clean label found; using nearby visible text for manual review.,true,"Low runtime risk: app logic uses metric_key, not label, for reads and updates. Medium operational risk: extract-ingestion-data.mjs regenerates label and reseeding/upsert by metric_key would overwrite manual DB changes. Mapping confidence is not high; manual review recommended."
public.ingestion_data,5291a6e4-10a7-4aeb-9c67-2fa36bf63208,gp_modules_gp_views_gp_mockups_047,gp,"$100,000","$100,000","N/A N/A 8 Erica Buchan Jeanine Witten IRA N/A $100,000 1.65% Pending N/A N/A 9 Pame",modules/Gp/views/gp mockups.html,"N/A N/A 8 Erica Buchan Jeanine Witten IRA N/A $100,000 1.65% Pending N/A N/A 9 Pame",low,No clean label found; using nearby visible text for manual review.,true,"Low runtime risk: app logic uses metric_key, not label, for reads and updates. Medium operational risk: extract-ingestion-data.mjs regenerates label and reseeding/upsert by metric_key would overwrite manual DB changes. Mapping confidence is not high; manual review recommended."
public.ingestion_data,4e160469-17fd-4c92-9d14-f0248fd656c2,gp_modules_gp_views_gp_mockups_048,gp,1.65%,1.65%,"Pending N/A N/A 9 Pamela Kugit Jeanine Witten IRA N/A $100,000 1.65% Yes N/A N/A 1",modules/Gp/views/gp mockups.html,"Pending N/A N/A 9 Pamela Kugit Jeanine Witten IRA N/A $100,000 1.65% Yes N/A N/A 1",low,No clean label found; using nearby visible text for manual review.,true,"Low runtime risk: app logic uses metric_key, not label, for reads and updates. Medium operational risk: extract-ingestion-data.mjs regenerates label and reseeding/upsert by metric_key would overwrite manual DB changes. Mapping confidence is not high; manual review recommended."
public.ingestion_data,115567cf-4d14-4d11-bce2-828e777d3c73,gp_modules_gp_views_gp_mockups_049,gp,"$100,000","$100,000","N/A N/A 9 Pamela Kugit Jeanine Witten IRA N/A $100,000 1.65% Yes N/A N/A 10 Dawn Mc",modules/Gp/views/gp mockups.html,"N/A N/A 9 Pamela Kugit Jeanine Witten IRA N/A $100,000 1.65% Yes N/A N/A 10 Dawn Mc",low,No clean label found; using nearby visible text for manual review.,true,"Low runtime risk: app logic uses metric_key, not label, for reads and updates. Medium operational risk: extract-ingestion-data.mjs regenerates label and reseeding/upsert by metric_key would overwrite manual DB changes. Mapping confidence is not high; manual review recommended."
public.ingestion_data,0c725007-fb1c-4695-85d1-7d2a7df43646,gp_modules_gp_views_gp_mockups_050,gp,1.65%,1.65%,"Yes N/A N/A 10 Dawn McCale Jeanine Witten Individual N/A $250,000 4.13% Yes N/A N/A 1",modules/Gp/views/gp mockups.html,"Yes N/A N/A 10 Dawn McCale Jeanine Witten Individual N/A $250,000 4.13% Yes N/A N/A 1",low,No clean label found; using nearby visible text for manual review.,true,"Low runtime risk: app logic uses metric_key, not label, for reads and updates. Medium operational risk: extract-ingestion-data.mjs regenerates label and reseeding/upsert by metric_key would overwrite manual DB changes. Mapping confidence is not high; manual review recommended."
public.ingestion_data,b03c63a4-7b04-4038-ba14-24f55ab2d9c7,gp_modules_gp_views_gp_mockups_051,gp,"$250,000","$250,000","N/A N/A 10 Dawn McCale Jeanine Witten Individual N/A $250,000 4.13% Yes N/A N/A 11 Ines Ma",modules/Gp/views/gp mockups.html,"N/A N/A 10 Dawn McCale Jeanine Witten Individual N/A $250,000 4.13% Yes N/A N/A 11 Ines Ma",low,No clean label found; using nearby visible text for manual review.,true,"Low runtime risk: app logic uses metric_key, not label, for reads and updates. Medium operational risk: extract-ingestion-data.mjs regenerates label and reseeding/upsert by metric_key would overwrite manual DB changes. Mapping confidence is not high; manual review recommended."
public.ingestion_data,ff5fa792-8961-41cd-8508-083559f20772,gp_modules_gp_views_gp_mockups_052,gp,4.13%,4.13%,"Yes N/A N/A 11 Ines Marrinucci Jeanine Witten IRA N/A $50,000 0.83% Pending N/A N/A <th scope=""row",modules/Gp/views/gp mockups.html,"Yes N/A N/A 11 Ines Marrinucci Jeanine Witten IRA N/A $50,000 0.83% Pending N/A N/A <th scope=""row",low,No clean label found; using nearby visible text for manual review.,true,"Low runtime risk: app logic uses metric_key, not label, for reads and updates. Medium operational risk: extract-ingestion-data.mjs regenerates label and reseeding/upsert by metric_key would overwrite manual DB changes. Mapping confidence is not high; manual review recommended."
public.ingestion_data,e21736af-fcad-4a0d-aa37-a062e90c2733,gp_modules_gp_views_gp_mockups_053,gp,"$50,000","$50,000","N/A N/A 11 Ines Marrinucci Jeanine Witten IRA N/A $50,000 0.83% Pending N/A N/A 12 Jea",modules/Gp/views/gp mockups.html,"N/A N/A 11 Ines Marrinucci Jeanine Witten IRA N/A $50,000 0.83% Pending N/A N/A 12 Jea",low,No clean label found; using nearby visible text for manual review.,true,"Low runtime risk: app logic uses metric_key, not label, for reads and updates. Medium operational risk: extract-ingestion-data.mjs regenerates label and reseeding/upsert by metric_key would overwrite manual DB changes. Mapping confidence is not high; manual review recommended."
public.ingestion_data,3252f088-5dd8-4cce-a0af-f557010af370,gp_modules_gp_views_gp_mockups_054,gp,0.83%,0.83%,"Pending N/A N/A 12 Jeanine Witten Jeanine Witten IRA N/A $50,000 0.83% Yes N/A N/A 13",modules/Gp/views/gp mockups.html,"Pending N/A N/A 12 Jeanine Witten Jeanine Witten IRA N/A $50,000 0.83% Yes N/A N/A 13",low,No clean label found; using nearby visible text for manual review.,true,"Low runtime risk: app logic uses metric_key, not label, for reads and updates. Medium operational risk: extract-ingestion-data.mjs regenerates label and reseeding/upsert by metric_key would overwrite manual DB changes. Mapping confidence is not high; manual review recommended."
public.ingestion_data,ba35ac52-a16c-450c-bd38-dbb6a19de2f8,gp_modules_gp_views_gp_mockups_055,gp,"$50,000","$50,000","N/A N/A 12 Jeanine Witten Jeanine Witten IRA N/A $50,000 0.83% Yes N/A N/A 13 Pamela",modules/Gp/views/gp mockups.html,"N/A N/A 12 Jeanine Witten Jeanine Witten IRA N/A $50,000 0.83% Yes N/A N/A 13 Pamela",low,No clean label found; using nearby visible text for manual review.,true,"Low runtime risk: app logic uses metric_key, not label, for reads and updates. Medium operational risk: extract-ingestion-data.mjs regenerates label and reseeding/upsert by metric_key would overwrite manual DB changes. Mapping confidence is not high; manual review recommended."
public.ingestion_data,bab1741a-274a-4cfa-8e8b-14fb871af1a4,gp_modules_gp_views_gp_mockups_056,gp,0.83%,0.83%,"Yes N/A N/A 13 Pamela DeVaughn Jeanine Witten IRA N/A $50,000 0.83% Yes 2024-03-12 N/A <tbody aria",modules/Gp/views/gp mockups.html,"Yes N/A N/A 13 Pamela DeVaughn Jeanine Witten IRA N/A $50,000 0.83% Yes 2024-03-12 N/A <tbody aria",low,No clean label found; using nearby visible text for manual review.,true,"Low runtime risk: app logic uses metric_key, not label, for reads and updates. Medium operational risk: extract-ingestion-data.mjs regenerates label and reseeding/upsert by metric_key would overwrite manual DB changes. Mapping confidence is not high; manual review recommended."
public.ingestion_data,38475c3e-b884-4c48-977a-508250d91861,gp_modules_gp_views_gp_mockups_057,gp,"$50,000","$50,000","N/A N/A 13 Pamela DeVaughn Jeanine Witten IRA N/A $50,000 0.83% Yes 2024-03-12 N/A",modules/Gp/views/gp mockups.html,"N/A N/A 13 Pamela DeVaughn Jeanine Witten IRA N/A $50,000 0.83% Yes 2024-03-12 N/A",low,No clean label found; using nearby visible text for manual review.,true,"Low runtime risk: app logic uses metric_key, not label, for reads and updates. Medium operational risk: extract-ingestion-data.mjs regenerates label and reseeding/upsert by metric_key would overwrite manual DB changes. Mapping confidence is not high; manual review recommended."
public.ingestion_data,b6d145be-6131-45e4-99bc-2df1d762e90e,gp_modules_gp_views_gp_mockups_058,gp,0.83%,0.83%,"GP GROUP: GIULIANNA PINO 14 Antonio Pino Giulianna Pino Entity N/A $250,000 4.13% Yes N/A N/A 1",modules/Gp/views/gp mockups.html,"GP GROUP: GIULIANNA PINO 14 Antonio Pino Giulianna Pino Entity N/A $250,000 4.13% Yes N/A N/A 1",low,No clean label found; using nearby visible text for manual review.,true,"Low runtime risk: app logic uses metric_key, not label, for reads and updates. Medium operational risk: extract-ingestion-data.mjs regenerates label and reseeding/upsert by metric_key would overwrite manual DB changes. Mapping confidence is not high; manual review recommended."
public.ingestion_data,3c855391-f010-4700-a3cc-06e4e33f515e,gp_modules_gp_views_gp_mockups_059,gp,"$250,000","$250,000","GP GROUP: GIULIANNA PINO 14 Antonio Pino Giulianna Pino Entity N/A $250,000 4.13% Yes N/A N/A 15 Grethel",modules/Gp/views/gp mockups.html,"GP GROUP: GIULIANNA PINO 14 Antonio Pino Giulianna Pino Entity N/A $250,000 4.13% Yes N/A N/A 15 Grethel",low,No clean label found; using nearby visible text for manual review.,true,"Low runtime risk: app logic uses metric_key, not label, for reads and updates. Medium operational risk: extract-ingestion-data.mjs regenerates label and reseeding/upsert by metric_key would overwrite manual DB changes. Mapping confidence is not high; manual review recommended."
public.ingestion_data,3d4e626b-bc7c-4de3-a333-84f25cfba40c,gp_modules_gp_views_gp_mockups_060,gp,4.13%,4.13%,"Yes N/A N/A 15 Grethel Kunkel Giulianna Pino Entity N/A $100,000 1.65% Yes 2024-03-12 N/A <tbody ari",modules/Gp/views/gp mockups.html,"Yes N/A N/A 15 Grethel Kunkel Giulianna Pino Entity N/A $100,000 1.65% Yes 2024-03-12 N/A <tbody ari",low,No clean label found; using nearby visible text for manual review.,true,"Low runtime risk: app logic uses metric_key, not label, for reads and updates. Medium operational risk: extract-ingestion-data.mjs regenerates label and reseeding/upsert by metric_key would overwrite manual DB changes. Mapping confidence is not high; manual review recommended."
public.ingestion_data,748860e0-3a5f-4aa2-8099-a425f2339f6a,gp_modules_gp_views_gp_mockups_061,gp,"$100,000","$100,000","N/A N/A 15 Grethel Kunkel Giulianna Pino Entity N/A $100,000 1.65% Yes 2024-03-12 N/A",modules/Gp/views/gp mockups.html,"N/A N/A 15 Grethel Kunkel Giulianna Pino Entity N/A $100,000 1.65% Yes 2024-03-12 N/A",low,No clean label found; using nearby visible text for manual review.,true,"Low runtime risk: app logic uses metric_key, not label, for reads and updates. Medium operational risk: extract-ingestion-data.mjs regenerates label and reseeding/upsert by metric_key would overwrite manual DB changes. Mapping confidence is not high; manual review recommended."
public.ingestion_data,08785ffc-87df-40cb-bf17-1588656a25bd,gp_modules_gp_views_gp_mockups_062,gp,1.65%,1.65%,"GP GROUP: VINOD MALIK 16 Aruna Gamini Vinod Malik Entity N/A $100,000 1.65% Yes N/A N/A 1",modules/Gp/views/gp mockups.html,"GP GROUP: VINOD MALIK 16 Aruna Gamini Vinod Malik Entity N/A $100,000 1.65% Yes N/A N/A 1",low,No clean label found; using nearby visible text for manual review.,true,"Low runtime risk: app logic uses metric_key, not label, for reads and updates. Medium operational risk: extract-ingestion-data.mjs regenerates label and reseeding/upsert by metric_key would overwrite manual DB changes. Mapping confidence is not high; manual review recommended."
public.ingestion_data,8d2f158d-254a-42f4-8f40-a6047ba79c92,gp_modules_gp_views_gp_mockups_063,gp,"$100,000","$100,000","w""> GP GROUP: VINOD MALIK 16 Aruna Gamini Vinod Malik Entity N/A $100,000 1.65% Yes N/A N/A 17 Dipti L",modules/Gp/views/gp mockups.html,"w""> GP GROUP: VINOD MALIK 16 Aruna Gamini Vinod Malik Entity N/A $100,000 1.65% Yes N/A N/A 17 Dipti L",low,No clean label found; using nearby visible text for manual review.,true,"Low runtime risk: app logic uses metric_key, not label, for reads and updates. Medium operational risk: extract-ingestion-data.mjs regenerates label and reseeding/upsert by metric_key would overwrite manual DB changes. Mapping confidence is not high; manual review recommended."
public.ingestion_data,d5d84622-046e-4ed4-8e70-4aa37a8ad2bc,gp_modules_gp_views_gp_mockups_064,gp,1.65%,1.65%,"> Yes N/A N/A 17 Dipti Lodaya Vinod Malik Entity N/A $50,000 0.83% Yes N/A N/A 18",modules/Gp/views/gp mockups.html,"> Yes N/A N/A 17 Dipti Lodaya Vinod Malik Entity N/A $50,000 0.83% Yes N/A N/A 18",low,No clean label found; using nearby visible text for manual review.,true,"Low runtime risk: app logic uses metric_key, not label, for reads and updates. Medium operational risk: extract-ingestion-data.mjs regenerates label and reseeding/upsert by metric_key would overwrite manual DB changes. Mapping confidence is not high; manual review recommended."
public.ingestion_data,a238daa5-0c31-42e3-8333-0f9e0283e552,gp_modules_gp_views_gp_mockups_065,gp,"$50,000","$50,000","N/A N/A 17 Dipti Lodaya Vinod Malik Entity N/A $50,000 0.83% Yes N/A N/A 18 Vinod M",modules/Gp/views/gp mockups.html,"N/A N/A 17 Dipti Lodaya Vinod Malik Entity N/A $50,000 0.83% Yes N/A N/A 18 Vinod M",low,No clean label found; using nearby visible text for manual review.,true,"Low runtime risk: app logic uses metric_key, not label, for reads and updates. Medium operational risk: extract-ingestion-data.mjs regenerates label and reseeding/upsert by metric_key would overwrite manual DB changes. Mapping confidence is not high; manual review recommended."
public.ingestion_data,b45b3939-b21b-4803-a7c7-07c271027ff5,gp_modules_gp_views_gp_mockups_066,gp,0.83%,0.83%,"d> Yes N/A N/A 18 Vinod Malik Vinod Malik Entity N/A $100,000 1.65% Yes N/A N/A 1",modules/Gp/views/gp mockups.html,"d> Yes N/A N/A 18 Vinod Malik Vinod Malik Entity N/A $100,000 1.65% Yes N/A N/A 1",low,No clean label found; using nearby visible text for manual review.,true,"Low runtime risk: app logic uses metric_key, not label, for reads and updates. Medium operational risk: extract-ingestion-data.mjs regenerates label and reseeding/upsert by metric_key would overwrite manual DB changes. Mapping confidence is not high; manual review recommended."
public.ingestion_data,c893fd70-539f-4d8d-b631-ff0644b4fad3,gp_modules_gp_views_gp_mockups_067,gp,"$100,000","$100,000","N/A N/A 18 Vinod Malik Vinod Malik Entity N/A $100,000 1.65% Yes N/A N/A 19 Sunjeev",modules/Gp/views/gp mockups.html,"N/A N/A 18 Vinod Malik Vinod Malik Entity N/A $100,000 1.65% Yes N/A N/A 19 Sunjeev",low,No clean label found; using nearby visible text for manual review.,true,"Low runtime risk: app logic uses metric_key, not label, for reads and updates. Medium operational risk: extract-ingestion-data.mjs regenerates label and reseeding/upsert by metric_key would overwrite manual DB changes. Mapping confidence is not high; manual review recommended."
public.ingestion_data,0cd7f6d9-862a-4219-9464-fde094b21b2a,gp_modules_gp_views_gp_mockups_068,gp,1.65%,1.65%,"Yes N/A N/A 19 Sunjeev Chawla Vinod Malik Individual N/A $50,000 0.83% Yes N/A N/A 20",modules/Gp/views/gp mockups.html,"Yes N/A N/A 19 Sunjeev Chawla Vinod Malik Individual N/A $50,000 0.83% Yes N/A N/A 20",low,No clean label found; using nearby visible text for manual review.,true,"Low runtime risk: app logic uses metric_key, not label, for reads and updates. Medium operational risk: extract-ingestion-data.mjs regenerates label and reseeding/upsert by metric_key would overwrite manual DB changes. Mapping confidence is not high; manual review recommended."
public.ingestion_data,a3cdd381-93d2-4a51-9f0e-7ad5805f90b5,gp_modules_gp_views_gp_mockups_069,gp,"$50,000","$50,000","N/A N/A 19 Sunjeev Chawla Vinod Malik Individual N/A $50,000 0.83% Yes N/A N/A 20 Girija",modules/Gp/views/gp mockups.html,"N/A N/A 19 Sunjeev Chawla Vinod Malik Individual N/A $50,000 0.83% Yes N/A N/A 20 Girija",low,No clean label found; using nearby visible text for manual review.,true,"Low runtime risk: app logic uses metric_key, not label, for reads and updates. Medium operational risk: extract-ingestion-data.mjs regenerates label and reseeding/upsert by metric_key would overwrite manual DB changes. Mapping confidence is not high; manual review recommended."
public.ingestion_data,a27dd0e7-99b8-4fe7-bbb4-d64463fec397,gp_modules_gp_views_gp_mockups_070,gp,0.83%,0.83%,"Yes N/A N/A 20 Girija Murali Vinod Malik Individual N/A $50,000 0.83% Yes 2024-03-15 N/A <th scope=""",modules/Gp/views/gp mockups.html,"Yes N/A N/A 20 Girija Murali Vinod Malik Individual N/A $50,000 0.83% Yes 2024-03-15 N/A <th scope=""",low,No clean label found; using nearby visible text for manual review.,true,"Low runtime risk: app logic uses metric_key, not label, for reads and updates. Medium operational risk: extract-ingestion-data.mjs regenerates label and reseeding/upsert by metric_key would overwrite manual DB changes. Mapping confidence is not high; manual review recommended."
public.ingestion_data,f940e3f7-7c32-42a6-ba31-824130fa0162,gp_modules_gp_views_gp_mockups_071,gp,"$50,000","$50,000","N/A N/A 20 Girija Murali Vinod Malik Individual N/A $50,000 0.83% Yes 2024-03-15 N/A 21",modules/Gp/views/gp mockups.html,"N/A N/A 20 Girija Murali Vinod Malik Individual N/A $50,000 0.83% Yes 2024-03-15 N/A 21",low,No clean label found; using nearby visible text for manual review.,true,"Low runtime risk: app logic uses metric_key, not label, for reads and updates. Medium operational risk: extract-ingestion-data.mjs regenerates label and reseeding/upsert by metric_key would overwrite manual DB changes. Mapping confidence is not high; manual review recommended."
public.ingestion_data,aec40faf-5915-424e-9734-6d61d6be23c7,gp_modules_gp_views_gp_mockups_072,gp,0.83%,0.83%,"Yes 2024-03-15 N/A 21 Harsha Sharma Vinod Malik Entity N/A $60,000 0.99% Yes 2024-03-13 N/A <tbody aria",modules/Gp/views/gp mockups.html,"Yes 2024-03-15 N/A 21 Harsha Sharma Vinod Malik Entity N/A $60,000 0.99% Yes 2024-03-13 N/A <tbody aria",low,No clean label found; using nearby visible text for manual review.,true,"Low runtime risk: app logic uses metric_key, not label, for reads and updates. Medium operational risk: extract-ingestion-data.mjs regenerates label and reseeding/upsert by metric_key would overwrite manual DB changes. Mapping confidence is not high; manual review recommended."
public.ingestion_data,0539f3ab-889c-47c8-b5c3-7f80b9673271,gp_modules_gp_views_gp_mockups_073,gp,"$60,000","$60,000","2024-03-15 N/A 21 Harsha Sharma Vinod Malik Entity N/A $60,000 0.99% Yes 2024-03-13 N/A",modules/Gp/views/gp mockups.html,"2024-03-15 N/A 21 Harsha Sharma Vinod Malik Entity N/A $60,000 0.99% Yes 2024-03-13 N/A",low,No clean label found; using nearby visible text for manual review.,true,"Low runtime risk: app logic uses metric_key, not label, for reads and updates. Medium operational risk: extract-ingestion-data.mjs regenerates label and reseeding/upsert by metric_key would overwrite manual DB changes. Mapping confidence is not high; manual review recommended."
public.ingestion_data,94128d3b-31ff-4b41-af1f-dbe490ea49eb,gp_modules_gp_views_gp_mockups_074,gp,0.99%,0.99%,"gp-group-row""> GP GROUP: AYESHA KHALID 22 Elizabeth Darr Ayesha Khalid Entity MultiNest Investments LLC $100,000 1.65% Yes 2024-02-29 N/A <th scope=",modules/Gp/views/gp mockups.html,"gp-group-row""> GP GROUP: AYESHA KHALID 22 Elizabeth Darr Ayesha Khalid Entity MultiNest Investments LLC $100,000 1.65% Yes 2024-02-29 N/A <th scope=",low,No clean label found; using nearby visible text for manual review.,true,"Low runtime risk: app logic uses metric_key, not label, for reads and updates. Medium operational risk: extract-ingestion-data.mjs regenerates label and reseeding/upsert by metric_key would overwrite manual DB changes. Mapping confidence is not high; manual review recommended."
public.ingestion_data,d62ab601-afc6-420b-87ea-8363eb107a4f,gp_modules_gp_views_gp_mockups_075,gp,"$100,000","$100,000","scope=""rowgroup"" colspan=""10"">GP GROUP: AYESHA KHALID 22 Elizabeth Darr Ayesha Khalid Entity MultiNest Investments LLC $100,000 1.65% Yes 2024-02-29 N/A 23",modules/Gp/views/gp mockups.html,"scope=""rowgroup"" colspan=""10"">GP GROUP: AYESHA KHALID 22 Elizabeth Darr Ayesha Khalid Entity MultiNest Investments LLC $100,000 1.65% Yes 2024-02-29 N/A 23",low,No clean label found; using nearby visible text for manual review.,true,"Low runtime risk: app logic uses metric_key, not label, for reads and updates. Medium operational risk: extract-ingestion-data.mjs regenerates label and reseeding/upsert by metric_key would overwrite manual DB changes. Mapping confidence is not high; manual review recommended."
public.ingestion_data,f5115114-a1a1-4297-bdef-c5316508ecb1,gp_modules_gp_views_gp_mockups_076,gp,1.65%,1.65%,"d> 2024-02-29 N/A 23 Douglas Dawson Ayesha Khalid IRA SDIRA Directed Trust Company $100,000 1.65% Yes 2024-04-01 N/A <th scope=",modules/Gp/views/gp mockups.html,"d> 2024-02-29 N/A 23 Douglas Dawson Ayesha Khalid IRA SDIRA Directed Trust Company $100,000 1.65% Yes 2024-04-01 N/A <th scope=",low,No clean label found; using nearby visible text for manual review.,true,"Low runtime risk: app logic uses metric_key, not label, for reads and updates. Medium operational risk: extract-ingestion-data.mjs regenerates label and reseeding/upsert by metric_key would overwrite manual DB changes. Mapping confidence is not high; manual review recommended."
public.ingestion_data,ec505a35-7789-4a93-ad5b-5d8fde170f4a,gp_modules_gp_views_gp_mockups_077,gp,"$100,000","$100,000","/td> N/A 23 Douglas Dawson Ayesha Khalid IRA SDIRA Directed Trust Company $100,000 1.65% Yes 2024-04-01 N/A 24",modules/Gp/views/gp mockups.html,"/td> N/A 23 Douglas Dawson Ayesha Khalid IRA SDIRA Directed Trust Company $100,000 1.65% Yes 2024-04-01 N/A 24",low,No clean label found; using nearby visible text for manual review.,true,"Low runtime risk: app logic uses metric_key, not label, for reads and updates. Medium operational risk: extract-ingestion-data.mjs regenerates label and reseeding/upsert by metric_key would overwrite manual DB changes. Mapping confidence is not high; manual review recommended."
public.ingestion_data,054a75e8-94e9-4c5a-95a2-229833a268b2,gp_modules_gp_views_gp_mockups_078,gp,1.65%,1.65%,"2024-04-01 N/A 24 Rebanta Chakraborty Ayesha Khalid IRA SDIRA Equity Trust, REF 200646 $50,000 0.83% Yes 2024-04-05 N/A <th scope=""",modules/Gp/views/gp mockups.html,"2024-04-01 N/A 24 Rebanta Chakraborty Ayesha Khalid IRA SDIRA Equity Trust, REF 200646 $50,000 0.83% Yes 2024-04-05 N/A <th scope=""",low,No clean label found; using nearby visible text for manual review.,true,"Low runtime risk: app logic uses metric_key, not label, for reads and updates. Medium operational risk: extract-ingestion-data.mjs regenerates label and reseeding/upsert by metric_key would overwrite manual DB changes. Mapping confidence is not high; manual review recommended."
public.ingestion_data,727aca34-d1ae-4263-b013-2221756e004d,gp_modules_gp_views_gp_mockups_079,gp,"$50,000","$50,000","N/A 24 Rebanta Chakraborty Ayesha Khalid IRA SDIRA Equity Trust, REF 200646 $50,000 0.83% Yes 2024-04-05 N/A 25",modules/Gp/views/gp mockups.html,"N/A 24 Rebanta Chakraborty Ayesha Khalid IRA SDIRA Equity Trust, REF 200646 $50,000 0.83% Yes 2024-04-05 N/A 25",low,No clean label found; using nearby visible text for manual review.,true,"Low runtime risk: app logic uses metric_key, not label, for reads and updates. Medium operational risk: extract-ingestion-data.mjs regenerates label and reseeding/upsert by metric_key would overwrite manual DB changes. Mapping confidence is not high; manual review recommended."
public.ingestion_data,8258deb6-4bce-481d-ac23-7e091fecd14c,gp_modules_gp_views_gp_mockups_080,gp,0.83%,0.83%,"s 2024-04-05 N/A 25 Ayesha Khalid Ayesha Khalid Entity 4800 Atlantic Blvd LLC $50,000 0.83% Yes 2024-03-04 N/A <th scope=""",modules/Gp/views/gp mockups.html,"s 2024-04-05 N/A 25 Ayesha Khalid Ayesha Khalid Entity 4800 Atlantic Blvd LLC $50,000 0.83% Yes 2024-03-04 N/A <th scope=""",low,No clean label found; using nearby visible text for manual review.,true,"Low runtime risk: app logic uses metric_key, not label, for reads and updates. Medium operational risk: extract-ingestion-data.mjs regenerates label and reseeding/upsert by metric_key would overwrite manual DB changes. Mapping confidence is not high; manual review recommended."
public.ingestion_data,257f82bf-8629-4cf7-9a6d-6f0a7585fa90,gp_modules_gp_views_gp_mockups_081,gp,"$50,000","$50,000","4-05 N/A 25 Ayesha Khalid Ayesha Khalid Entity 4800 Atlantic Blvd LLC $50,000 0.83% Yes 2024-03-04 N/A 26",modules/Gp/views/gp mockups.html,"4-05 N/A 25 Ayesha Khalid Ayesha Khalid Entity 4800 Atlantic Blvd LLC $50,000 0.83% Yes 2024-03-04 N/A 26",low,No clean label found; using nearby visible text for manual review.,true,"Low runtime risk: app logic uses metric_key, not label, for reads and updates. Medium operational risk: extract-ingestion-data.mjs regenerates label and reseeding/upsert by metric_key would overwrite manual DB changes. Mapping confidence is not high; manual review recommended."
public.ingestion_data,c99c57a7-2991-4067-b80e-ebce77bd3d54,gp_modules_gp_views_gp_mockups_082,gp,0.83%,0.83%,"Yes 2024-03-04 N/A 26 Ayesha Khalid Ayesha Khalid Solo 401K N/A $50,000 0.83% Yes 2024-03-22 N/A <th scope=""",modules/Gp/views/gp mockups.html,"Yes 2024-03-04 N/A 26 Ayesha Khalid Ayesha Khalid Solo 401K N/A $50,000 0.83% Yes 2024-03-22 N/A <th scope=""",low,No clean label found; using nearby visible text for manual review.,true,"Low runtime risk: app logic uses metric_key, not label, for reads and updates. Medium operational risk: extract-ingestion-data.mjs regenerates label and reseeding/upsert by metric_key would overwrite manual DB changes. Mapping confidence is not high; manual review recommended."
public.ingestion_data,2ff15dcb-249a-4eb1-b2ec-2a8d9ebe443d,gp_modules_gp_views_gp_mockups_083,gp,"$50,000","$50,000","2024-03-04 N/A 26 Ayesha Khalid Ayesha Khalid Solo 401K N/A $50,000 0.83% Yes 2024-03-22 N/A 27",modules/Gp/views/gp mockups.html,"2024-03-04 N/A 26 Ayesha Khalid Ayesha Khalid Solo 401K N/A $50,000 0.83% Yes 2024-03-22 N/A 27",low,No clean label found; using nearby visible text for manual review.,true,"Low runtime risk: app logic uses metric_key, not label, for reads and updates. Medium operational risk: extract-ingestion-data.mjs regenerates label and reseeding/upsert by metric_key would overwrite manual DB changes. Mapping confidence is not high; manual review recommended."
public.ingestion_data,84dcd6a4-4e45-497f-83b6-c910129f4d32,gp_modules_gp_views_gp_mockups_084,gp,0.83%,0.83%,"2024-03-22 N/A 27 Andrea Metz Ayesha Khalid IRA SDIRA Directed Trust Company $50,000 0.83% Yes 2024-03-22 N/A <th scope=""",modules/Gp/views/gp mockups.html,"2024-03-22 N/A 27 Andrea Metz Ayesha Khalid IRA SDIRA Directed Trust Company $50,000 0.83% Yes 2024-03-22 N/A <th scope=""",low,No clean label found; using nearby visible text for manual review.,true,"Low runtime risk: app logic uses metric_key, not label, for reads and updates. Medium operational risk: extract-ingestion-data.mjs regenerates label and reseeding/upsert by metric_key would overwrite manual DB changes. Mapping confidence is not high; manual review recommended."
public.ingestion_data,64e90698-1df0-4b04-a03e-4e79637bfda5,gp_modules_gp_views_gp_mockups_085,gp,"$50,000","$50,000","-22 N/A 27 Andrea Metz Ayesha Khalid IRA SDIRA Directed Trust Company $50,000 0.83% Yes 2024-03-22 N/A 28",modules/Gp/views/gp mockups.html,"-22 N/A 27 Andrea Metz Ayesha Khalid IRA SDIRA Directed Trust Company $50,000 0.83% Yes 2024-03-22 N/A 28",low,No clean label found; using nearby visible text for manual review.,true,"Low runtime risk: app logic uses metric_key, not label, for reads and updates. Medium operational risk: extract-ingestion-data.mjs regenerates label and reseeding/upsert by metric_key would overwrite manual DB changes. Mapping confidence is not high; manual review recommended."
public.ingestion_data,b3e9ecd8-c995-4cdb-822e-22496d5a4d7a,gp_modules_gp_views_gp_mockups_086,gp,0.83%,0.83%,"d> 2024-03-22 N/A 28 Abel Contreras Ayesha Khalid Entity Horizon Network Group LLC $60,000 0.99% Yes 2024-03-21 N/A <tbody aria",modules/Gp/views/gp mockups.html,"d> 2024-03-22 N/A 28 Abel Contreras Ayesha Khalid Entity Horizon Network Group LLC $60,000 0.99% Yes 2024-03-21 N/A <tbody aria",low,No clean label found; using nearby visible text for manual review.,true,"Low runtime risk: app logic uses metric_key, not label, for reads and updates. Medium operational risk: extract-ingestion-data.mjs regenerates label and reseeding/upsert by metric_key would overwrite manual DB changes. Mapping confidence is not high; manual review recommended."
public.ingestion_data,74ef3276-6c25-42fd-aef1-a71dd236129d,gp_modules_gp_views_gp_mockups_087,gp,"$60,000","$60,000","N/A 28 Abel Contreras Ayesha Khalid Entity Horizon Network Group LLC $60,000 0.99% Yes 2024-03-21 N/A",modules/Gp/views/gp mockups.html,"N/A 28 Abel Contreras Ayesha Khalid Entity Horizon Network Group LLC $60,000 0.99% Yes 2024-03-21 N/A",low,No clean label found; using nearby visible text for manual review.,true,"Low runtime risk: app logic uses metric_key, not label, for reads and updates. Medium operational risk: extract-ingestion-data.mjs regenerates label and reseeding/upsert by metric_key would overwrite manual DB changes. Mapping confidence is not high; manual review recommended."
public.ingestion_data,1acd06d8-753f-4325-9b46-162f4680885e,gp_modules_gp_views_gp_mockups_088,gp,0.99%,0.99%,"GP GROUP: PAUL LANDMAN 29 Paul Landman Paul Landman IRA N/A $150,000 2.48% Pending 2024-03-01 N/A <th sc",modules/Gp/views/gp mockups.html,"GP GROUP: PAUL LANDMAN 29 Paul Landman Paul Landman IRA N/A $150,000 2.48% Pending 2024-03-01 N/A <th sc",low,No clean label found; using nearby visible text for manual review.,true,"Low runtime risk: app logic uses metric_key, not label, for reads and updates. Medium operational risk: extract-ingestion-data.mjs regenerates label and reseeding/upsert by metric_key would overwrite manual DB changes. Mapping confidence is not high; manual review recommended."
public.ingestion_data,73f25366-7534-4db6-9e66-a4d4d86f3be8,gp_modules_gp_views_gp_mockups_089,gp,"$150,000","$150,000","ow""> GP GROUP: PAUL LANDMAN 29 Paul Landman Paul Landman IRA N/A $150,000 2.48% Pending 2024-03-01 N/A 30",modules/Gp/views/gp mockups.html,"ow""> GP GROUP: PAUL LANDMAN 29 Paul Landman Paul Landman IRA N/A $150,000 2.48% Pending 2024-03-01 N/A 30",low,No clean label found; using nearby visible text for manual review.,true,"Low runtime risk: app logic uses metric_key, not label, for reads and updates. Medium operational risk: extract-ingestion-data.mjs regenerates label and reseeding/upsert by metric_key would overwrite manual DB changes. Mapping confidence is not high; manual review recommended."
public.ingestion_data,63d0eb5e-2102-44eb-9ab1-de94ab597367,gp_modules_gp_views_gp_mockups_090,gp,2.48%,2.48%,"Pending 2024-03-01 N/A 30 Anirudh Rathi Paul Landman Individual N/A $25,000 0.41% Yes N/A N/A 31",modules/Gp/views/gp mockups.html,"Pending 2024-03-01 N/A 30 Anirudh Rathi Paul Landman Individual N/A $25,000 0.41% Yes N/A N/A 31",low,No clean label found; using nearby visible text for manual review.,true,"Low runtime risk: app logic uses metric_key, not label, for reads and updates. Medium operational risk: extract-ingestion-data.mjs regenerates label and reseeding/upsert by metric_key would overwrite manual DB changes. Mapping confidence is not high; manual review recommended."
public.ingestion_data,f7bc09e2-d491-49b8-bd3a-0fe7c0a4a7a1,gp_modules_gp_views_gp_mockups_091,gp,"$25,000","$25,000","2024-03-01 N/A 30 Anirudh Rathi Paul Landman Individual N/A $25,000 0.41% Yes N/A N/A 31 Akshay",modules/Gp/views/gp mockups.html,"2024-03-01 N/A 30 Anirudh Rathi Paul Landman Individual N/A $25,000 0.41% Yes N/A N/A 31 Akshay",low,No clean label found; using nearby visible text for manual review.,true,"Low runtime risk: app logic uses metric_key, not label, for reads and updates. Medium operational risk: extract-ingestion-data.mjs regenerates label and reseeding/upsert by metric_key would overwrite manual DB changes. Mapping confidence is not high; manual review recommended."
public.ingestion_data,60e6de49-043c-4b33-8a5e-add54234b65b,gp_modules_gp_views_gp_mockups_092,gp,0.41%,0.41%,"Yes N/A N/A 31 Akshay Shah Paul Landman Individual N/A $25,000 0.41% Yes N/A N/A 32",modules/Gp/views/gp mockups.html,"Yes N/A N/A 31 Akshay Shah Paul Landman Individual N/A $25,000 0.41% Yes N/A N/A 32",low,No clean label found; using nearby visible text for manual review.,true,"Low runtime risk: app logic uses metric_key, not label, for reads and updates. Medium operational risk: extract-ingestion-data.mjs regenerates label and reseeding/upsert by metric_key would overwrite manual DB changes. Mapping confidence is not high; manual review recommended."
public.ingestion_data,9cc14851-a210-4c75-a91c-1437e49ce717,gp_modules_gp_views_gp_mockups_093,gp,"$25,000","$25,000","N/A N/A 31 Akshay Shah Paul Landman Individual N/A $25,000 0.41% Yes N/A N/A 32 Ron Lan",modules/Gp/views/gp mockups.html,"N/A N/A 31 Akshay Shah Paul Landman Individual N/A $25,000 0.41% Yes N/A N/A 32 Ron Lan",low,No clean label found; using nearby visible text for manual review.,true,"Low runtime risk: app logic uses metric_key, not label, for reads and updates. Medium operational risk: extract-ingestion-data.mjs regenerates label and reseeding/upsert by metric_key would overwrite manual DB changes. Mapping confidence is not high; manual review recommended."
public.ingestion_data,2bff5836-d197-4995-bab4-fc75e1fb81bf,gp_modules_gp_views_gp_mockups_094,gp,0.41%,0.41%,"Yes N/A N/A 32 Ron Landman Paul Landman IRA Equity Trust $25,000 0.41% Pending 2024-04-01 N/A <th sco",modules/Gp/views/gp mockups.html,"Yes N/A N/A 32 Ron Landman Paul Landman IRA Equity Trust $25,000 0.41% Pending 2024-04-01 N/A <th sco",low,No clean label found; using nearby visible text for manual review.,true,"Low runtime risk: app logic uses metric_key, not label, for reads and updates. Medium operational risk: extract-ingestion-data.mjs regenerates label and reseeding/upsert by metric_key would overwrite manual DB changes. Mapping confidence is not high; manual review recommended."
public.ingestion_data,6dd69565-a90a-43f1-81d4-a14ab539814e,gp_modules_gp_views_gp_mockups_095,gp,"$25,000","$25,000","N/A N/A 32 Ron Landman Paul Landman IRA Equity Trust $25,000 0.41% Pending 2024-04-01 N/A 33",modules/Gp/views/gp mockups.html,"N/A N/A 32 Ron Landman Paul Landman IRA Equity Trust $25,000 0.41% Pending 2024-04-01 N/A 33",low,No clean label found; using nearby visible text for manual review.,true,"Low runtime risk: app logic uses metric_key, not label, for reads and updates. Medium operational risk: extract-ingestion-data.mjs regenerates label and reseeding/upsert by metric_key would overwrite manual DB changes. Mapping confidence is not high; manual review recommended."
public.ingestion_data,e43bb6b2-6cc9-4bf9-8fd2-22cad706f623,gp_modules_gp_views_gp_mockups_096,gp,0.41%,0.41%,"Pending 2024-04-01 N/A 33 Amit Menipaz Paul Landman IRA N/A $25,000 0.41% Yes 2024-03-01 N/A <tbody aria",modules/Gp/views/gp mockups.html,"Pending 2024-04-01 N/A 33 Amit Menipaz Paul Landman IRA N/A $25,000 0.41% Yes 2024-03-01 N/A <tbody aria",low,No clean label found; using nearby visible text for manual review.,true,"Low runtime risk: app logic uses metric_key, not label, for reads and updates. Medium operational risk: extract-ingestion-data.mjs regenerates label and reseeding/upsert by metric_key would overwrite manual DB changes. Mapping confidence is not high; manual review recommended."
public.ingestion_data,f56c3b2f-6382-4a83-a2ed-c57b5f8bc2ac,gp_modules_gp_views_gp_mockups_097,gp,"$25,000","$25,000","2024-04-01 N/A 33 Amit Menipaz Paul Landman IRA N/A $25,000 0.41% Yes 2024-03-01 N/A",modules/Gp/views/gp mockups.html,"2024-04-01 N/A 33 Amit Menipaz Paul Landman IRA N/A $25,000 0.41% Yes 2024-03-01 N/A",low,No clean label found; using nearby visible text for manual review.,true,"Low runtime risk: app logic uses metric_key, not label, for reads and updates. Medium operational risk: extract-ingestion-data.mjs regenerates label and reseeding/upsert by metric_key would overwrite manual DB changes. Mapping confidence is not high; manual review recommended."
public.ingestion_data,fd47e692-07f2-4170-8380-e2ef1d95e4b7,gp_modules_gp_views_gp_mockups_098,gp,0.41%,0.41%,"oup"" colspan=""10"">GP GROUP: VCP + PARTNERS GROUP (VIRENDRA PATEL GROUP) 34 Virendra Patel VCP + Partners Individual N/A See note 32.88% Mgr Entity Yes N/A 32.88% of Manager Entity (RED RAIDER 45 MGR LLC) per 2024 K-1",modules/Gp/views/gp mockups.html,"oup"" colspan=""10"">GP GROUP: VCP + PARTNERS GROUP (VIRENDRA PATEL GROUP) 34 Virendra Patel VCP + Partners Individual N/A See note 32.88% Mgr Entity Yes N/A 32.88% of Manager Entity (RED RAIDER 45 MGR LLC) per 2024 K-1",low,No clean label found; using nearby visible text for manual review.,true,"Low runtime risk: app logic uses metric_key, not label, for reads and updates. Medium operational risk: extract-ingestion-data.mjs regenerates label and reseeding/upsert by metric_key would overwrite manual DB changes. Mapping confidence is not high; manual review recommended."
public.ingestion_data,e3f95c14-fd0d-46ac-b96c-58fecb827068,gp_modules_gp_views_gp_mockups_099,gp,32.88%,32.88%,34 Virendra Patel VCP + Partners Individual N/A See note 32.88% Mgr Entity Yes N/A 32.88% of Manager Entity (RED RAIDER 45 MGR LLC) per 2024 K-1 35 BLISS GROUP LLC (Bhavin Parikh) VCP + Partne,modules/Gp/views/gp mockups.html,34 Virendra Patel VCP + Partners Individual N/A See note 32.88% Mgr Entity Yes N/A 32.88% of Manager Entity (RED RAIDER 45 MGR LLC) per 2024 K-1 35 BLISS GROUP LLC (Bhavin Parikh) VCP + Partne,low,No clean label found; using nearby visible text for manual review.,true,"Low runtime risk: app logic uses metric_key, not label, for reads and updates. Medium operational risk: extract-ingestion-data.mjs regenerates label and reseeding/upsert by metric_key would overwrite manual DB changes. Mapping confidence is not high; manual review recommended."
public.ingestion_data,a678f535-5808-4471-9faa-00cb808743d2,gp_modules_gp_views_gp_mockups_100,gp,32.88%,32.88%,88% of Manager Entity (RED RAIDER 45 MGR LLC) per 2024 K-1 35 BLISS GROUP LLC (Bhavin Parikh) VCP + Partners Entity N/A See note 4.92% Mgr Entity Yes N/A 4.92% of Manager Entity; linked to Bhavin Parikh via EIN notice,modules/Gp/views/gp mockups.html,88% of Manager Entity (RED RAIDER 45 MGR LLC) per 2024 K-1 35 BLISS GROUP LLC (Bhavin Parikh) VCP + Partners Entity N/A See note 4.92% Mgr Entity Yes N/A 4.92% of Manager Entity; linked to Bhavin Parikh via EIN notice,low,No clean label found; using nearby visible text for manual review.,true,"Low runtime risk: app logic uses metric_key, not label, for reads and updates. Medium operational risk: extract-ingestion-data.mjs regenerates label and reseeding/upsert by metric_key would overwrite manual DB changes. Mapping confidence is not high; manual review recommended."
public.ingestion_data,a91dbfb0-554c-4e81-916b-3c65636dd975,gp_modules_gp_views_gp_mockups_101,gp,4.92%,4.92%,"h scope=""row"">35 BLISS GROUP LLC (Bhavin Parikh) VCP + Partners Entity N/A See note 4.92% Mgr Entity Yes N/A 4.92% of Manager Entity; linked to Bhavin Parikh via EIN notice 36 Edward Sittler VCP + Partners",modules/Gp/views/gp mockups.html,"h scope=""row"">35 BLISS GROUP LLC (Bhavin Parikh) VCP + Partners Entity N/A See note 4.92% Mgr Entity Yes N/A 4.92% of Manager Entity; linked to Bhavin Parikh via EIN notice 36 Edward Sittler VCP + Partners",low,No clean label found; using nearby visible text for manual review.,true,"Low runtime risk: app logic uses metric_key, not label, for reads and updates. Medium operational risk: extract-ingestion-data.mjs regenerates label and reseeding/upsert by metric_key would overwrite manual DB changes. Mapping confidence is not high; manual review recommended."
public.ingestion_data,18291858-bda3-40e6-a900-2c2995ef03bf,gp_modules_gp_views_gp_mockups_102,gp,4.92%,4.92%,"e-cell"">4.92% of Manager Entity; linked to Bhavin Parikh via EIN notice 36 Edward Sittler VCP + Partners Individual N/A See note 10.00% Mgr Entity Yes N/A 10.00% of Manager Entity per 2024 K-1 <th scope=",modules/Gp/views/gp mockups.html,"e-cell"">4.92% of Manager Entity; linked to Bhavin Parikh via EIN notice 36 Edward Sittler VCP + Partners Individual N/A See note 10.00% Mgr Entity Yes N/A 10.00% of Manager Entity per 2024 K-1 <th scope=",low,No clean label found; using nearby visible text for manual review.,true,"Low runtime risk: app logic uses metric_key, not label, for reads and updates. Medium operational risk: extract-ingestion-data.mjs regenerates label and reseeding/upsert by metric_key would overwrite manual DB changes. Mapping confidence is not high; manual review recommended."
public.ingestion_data,f74f8837-ad4f-4400-8085-d36b7019caa3,gp_modules_gp_views_gp_mockups_103,gp,10.00%,10.00%,36 Edward Sittler VCP + Partners Individual N/A See note 10.00% Mgr Entity Yes N/A 10.00% of Manager Entity per 2024 K-1 37 4800 Atlantic Blvd VCP Holdings LLC VCP + Partners,modules/Gp/views/gp mockups.html,36 Edward Sittler VCP + Partners Individual N/A See note 10.00% Mgr Entity Yes N/A 10.00% of Manager Entity per 2024 K-1 37 4800 Atlantic Blvd VCP Holdings LLC VCP + Partners,low,No clean label found; using nearby visible text for manual review.,true,"Low runtime risk: app logic uses metric_key, not label, for reads and updates. Medium operational risk: extract-ingestion-data.mjs regenerates label and reseeding/upsert by metric_key would overwrite manual DB changes. Mapping confidence is not high; manual review recommended."
public.ingestion_data,17064ae7-aee8-4012-ae6d-a633813bf0d0,gp_modules_gp_views_gp_mockups_104,gp,10.00%,10.00%,"s=""gp-note-cell"">10.00% of Manager Entity per 2024 K-1 37 4800 Atlantic Blvd VCP Holdings LLC VCP + Partners Entity N/A See note 41.37% Mgr Entity Yes N/A 41.37% of Manager Entity; also holds 12.41% GP project interest per Side Letter",modules/Gp/views/gp mockups.html,"s=""gp-note-cell"">10.00% of Manager Entity per 2024 K-1 37 4800 Atlantic Blvd VCP Holdings LLC VCP + Partners Entity N/A See note 41.37% Mgr Entity Yes N/A 41.37% of Manager Entity; also holds 12.41% GP project interest per Side Letter",low,No clean label found; using nearby visible text for manual review.,true,"Low runtime risk: app logic uses metric_key, not label, for reads and updates. Medium operational risk: extract-ingestion-data.mjs regenerates label and reseeding/upsert by metric_key would overwrite manual DB changes. Mapping confidence is not high; manual review recommended."
public.ingestion_data,d55f5b33-ccd9-4a85-91db-04682e71aecb,gp_modules_gp_views_gp_mockups_105,gp,41.37%,41.37%,"pe=""row"">37 4800 Atlantic Blvd VCP Holdings LLC VCP + Partners Entity N/A See note 41.37% Mgr Entity Yes N/A 41.37% of Manager Entity; also holds 12.41% GP project interest per Side Letter 38 Bluesurf Holdings, LLC VCP",modules/Gp/views/gp mockups.html,"pe=""row"">37 4800 Atlantic Blvd VCP Holdings LLC VCP + Partners Entity N/A See note 41.37% Mgr Entity Yes N/A 41.37% of Manager Entity; also holds 12.41% GP project interest per Side Letter 38 Bluesurf Holdings, LLC VCP",low,No clean label found; using nearby visible text for manual review.,true,"Low runtime risk: app logic uses metric_key, not label, for reads and updates. Medium operational risk: extract-ingestion-data.mjs regenerates label and reseeding/upsert by metric_key would overwrite manual DB changes. Mapping confidence is not high; manual review recommended."
public.ingestion_data,16b5e909-6c6e-44cb-817b-30f843cde4fb,gp_modules_gp_views_gp_mockups_106,gp,41.37%,41.37%,"4800 Atlantic Blvd VCP Holdings LLC VCP + Partners Entity N/A See note 41.37% Mgr Entity Yes N/A 41.37% of Manager Entity; also holds 12.41% GP project interest per Side Letter 38 Bluesurf Holdings, LLC VCP + Partners",modules/Gp/views/gp mockups.html,"4800 Atlantic Blvd VCP Holdings LLC VCP + Partners Entity N/A See note 41.37% Mgr Entity Yes N/A 41.37% of Manager Entity; also holds 12.41% GP project interest per Side Letter 38 Bluesurf Holdings, LLC VCP + Partners",low,No clean label found; using nearby visible text for manual review.,true,"Low runtime risk: app logic uses metric_key, not label, for reads and updates. Medium operational risk: extract-ingestion-data.mjs regenerates label and reseeding/upsert by metric_key would overwrite manual DB changes. Mapping confidence is not high; manual review recommended."
public.ingestion_data,75c0d568-7e8e-45d2-8ad3-fd19e0a7ba7b,gp_modules_gp_views_gp_mockups_107,gp,12.41%,12.41%,"nager Entity; also holds 12.41% GP project interest per Side Letter 38 Bluesurf Holdings, LLC VCP + Partners Entity N/A See note 2.03% Mgr Entity Yes N/A 2.03% of Manager Entity per 2024 K-1",modules/Gp/views/gp mockups.html,"nager Entity; also holds 12.41% GP project interest per Side Letter 38 Bluesurf Holdings, LLC VCP + Partners Entity N/A See note 2.03% Mgr Entity Yes N/A 2.03% of Manager Entity per 2024 K-1",low,No clean label found; using nearby visible text for manual review.,true,"Low runtime risk: app logic uses metric_key, not label, for reads and updates. Medium operational risk: extract-ingestion-data.mjs regenerates label and reseeding/upsert by metric_key would overwrite manual DB changes. Mapping confidence is not high; manual review recommended."
public.ingestion_data,33d063ae-207e-48b0-b530-2e74b8e4c2d7,gp_modules_gp_views_gp_mockups_108,gp,2.03%,2.03%,"38 Bluesurf Holdings, LLC VCP + Partners Entity N/A See note 2.03% Mgr Entity Yes N/A 2.03% of Manager Entity per 2024 K-1 TOTAL VCP + Partners (wired as single block)",modules/Gp/views/gp mockups.html,"38 Bluesurf Holdings, LLC VCP + Partners Entity N/A See note 2.03% Mgr Entity Yes N/A 2.03% of Manager Entity per 2024 K-1 TOTAL VCP + Partners (wired as single block)",low,No clean label found; using nearby visible text for manual review.,true,"Low runtime risk: app logic uses metric_key, not label, for reads and updates. Medium operational risk: extract-ingestion-data.mjs regenerates label and reseeding/upsert by metric_key would overwrite manual DB changes. Mapping confidence is not high; manual review recommended."
public.ingestion_data,9a37df70-d6f4-428e-9bfe-d83b35f69d79,gp_modules_gp_views_gp_mockups_109,gp,2.03%,2.03%,TOTAL VCP + Partners (wired as single block),modules/Gp/views/gp mockups.html,TOTAL VCP + Partners (wired as single block),high,Derived from visible table row and column headers.,false,"Low runtime risk: app logic uses metric_key, not label, for reads and updates. Medium operational risk: extract-ingestion-data.mjs regenerates label and reseeding/upsert by metric_key would overwrite manual DB changes."
public.ingestion_data,ffd5a3c3-df9c-452e-8e0b-54930207f91c,gp_modules_gp_views_gp_mockups_110,gp,"$3,517,500","$3,517,500",TOTAL VCP + Partners (wired as single block),modules/Gp/views/gp mockups.html,TOTAL VCP + Partners (wired as single block),high,Derived from visible table row and column headers.,false,"Low runtime risk: app logic uses metric_key, not label, for reads and updates. Medium operational risk: extract-ingestion-data.mjs regenerates label and reseeding/upsert by metric_key would overwrite manual DB changes."
public.ingestion_data,0a9365f2-3f70-4c27-bebc-a4f44b5b68f2,gp_modules_gp_views_gp_mockups_111,gp,58.16%,58.16%,GRAND TOTAL RAISE,modules/Gp/views/gp mockups.html,GRAND TOTAL RAISE,high,Derived from visible table row and column headers.,false,"Low runtime risk: app logic uses metric_key, not label, for reads and updates. Medium operational risk: extract-ingestion-data.mjs regenerates label and reseeding/upsert by metric_key would overwrite manual DB changes."
public.ingestion_data,478694f1-30dc-49e7-b9e8-c602416ad44f,gp_modules_gp_views_gp_mockups_112,gp,"$6,047,500","$6,047,500",GRAND TOTAL RAISE,modules/Gp/views/gp mockups.html,GRAND TOTAL RAISE,high,Derived from visible table row and column headers.,false,"Low runtime risk: app logic uses metric_key, not label, for reads and updates. Medium operational risk: extract-ingestion-data.mjs regenerates label and reseeding/upsert by metric_key would overwrite manual DB changes."
public.ingestion_data,8ebeea4c-54d7-4a88-a1e2-2c24fe8ebbe4,gp_modules_gp_views_gp_mockups_113,gp,100.00%,100.00%,,modules/Gp/views/gp mockups.html,,low,No safe frontend text found automatically.,true,"Low runtime risk: app logic uses metric_key, not label, for reads and updates. Medium operational risk: extract-ingestion-data.mjs regenerates label and reseeding/upsert by metric_key would overwrite manual DB changes. Mapping confidence is not high; manual review recommended."
public.ingestion_data,76e20852-1fd2-4f37-bd5a-9eb3cec650d7,insurance_modules_insurance_views_insurance_command_center_oasis_trusted_001,insurance,"$29,098.71","$29,098.71",Premiums Due (2026),modules/insurance/views/insurance_command_center_oasis_trusted.html,Premiums Due (2026),high,Derived from the nearest visible card/detail label.,false,"Low runtime risk: app logic uses metric_key, not label, for reads and updates. Medium operational risk: extract-ingestion-data.mjs regenerates label and reseeding/upsert by metric_key would overwrite manual DB changes."
public.ingestion_data,6edf3e01-ef1a-40ae-9faf-fcac58e9421c,insurance_modules_insurance_views_insurance_command_center_oasis_trusted_002,insurance,"$17,764.76","$17,764.76",Escrow Balance,modules/insurance/views/insurance_command_center_oasis_trusted.html,Escrow Balance,high,Derived from the nearest visible card/detail label.,false,"Low runtime risk: app logic uses metric_key, not label, for reads and updates. Medium operational risk: extract-ingestion-data.mjs regenerates label and reseeding/upsert by metric_key would overwrite manual DB changes."
public.ingestion_data,f59b1a8e-280d-4dd9-9934-8b391ed77f7e,insurance_modules_insurance_views_insurance_command_center_oasis_trusted_003,insurance,"$11,333.95","$11,333.95",Monthly Insurance Escrow,modules/insurance/views/insurance_command_center_oasis_trusted.html,Monthly Insurance Escrow,high,Derived from the nearest visible card/detail label.,false,"Low runtime risk: app logic uses metric_key, not label, for reads and updates. Medium operational risk: extract-ingestion-data.mjs regenerates label and reseeding/upsert by metric_key would overwrite manual DB changes."
public.ingestion_data,7198b8f7-53be-4bbb-ab8b-7ba3c7e2ba1b,insurance_modules_insurance_views_insurance_command_center_oasis_trusted_004,insurance,"$16,496.85","$16,496.85",Period,modules/insurance/views/insurance_command_center_oasis_trusted.html,Period,high,Derived from visible table row and column headers.,false,"Low runtime risk: app logic uses metric_key, not label, for reads and updates. Medium operational risk: extract-ingestion-data.mjs regenerates label and reseeding/upsert by metric_key would overwrite manual DB changes."
public.ingestion_data,a56f461d-8111-413a-855f-66162a8533c7,insurance_modules_insurance_views_insurance_command_center_oasis_trusted_005,insurance,"$20,353.19","$20,353.19",Insured Building Value,modules/insurance/views/insurance_command_center_oasis_trusted.html,Insured Building Value,high,Derived from the nearest visible card/detail label.,false,"Low runtime risk: app logic uses metric_key, not label, for reads and updates. Medium operational risk: extract-ingestion-data.mjs regenerates label and reseeding/upsert by metric_key would overwrite manual DB changes."
public.ingestion_data,4b03f935-f196-4b19-984a-24b25b9c08e6,insurance_modules_insurance_views_insurance_command_center_oasis_trusted_006,insurance,"$8,500.00","$8,500.00",Property - Primary Multi-Peril,modules/insurance/views/insurance_command_center_oasis_trusted.html,Property - Primary Multi-Peril,high,Derived from visible table row and column headers.,false,"Low runtime risk: app logic uses metric_key, not label, for reads and updates. Medium operational risk: extract-ingestion-data.mjs regenerates label and reseeding/upsert by metric_key would overwrite manual DB changes."
public.ingestion_data,70ac361f-4dae-4277-8998-c1ecfba1731b,insurance_modules_insurance_views_insurance_command_center_oasis_trusted_007,insurance,"$15,216,508","$15,216,508",Property - Excess Multi-Peril,modules/insurance/views/insurance_command_center_oasis_trusted.html,Property - Excess Multi-Peril,high,Derived from visible table row and column headers.,false,"Low runtime risk: app logic uses metric_key, not label, for reads and updates. Medium operational risk: extract-ingestion-data.mjs regenerates label and reseeding/upsert by metric_key would overwrite manual DB changes."
public.ingestion_data,7d01aa6a-e451-4e78-ab75-4bc9adf348f2,insurance_modules_insurance_views_insurance_command_center_oasis_trusted_008,insurance,"$13,542,295","$13,542,295",General Liability,modules/insurance/views/insurance_command_center_oasis_trusted.html,General Liability,high,Derived from visible table row and column headers.,false,"Low runtime risk: app logic uses metric_key, not label, for reads and updates. Medium operational risk: extract-ingestion-data.mjs regenerates label and reseeding/upsert by metric_key would overwrite manual DB changes."
public.ingestion_data,112f1fbe-b922-4bd7-8000-4c38dc5cbc3e,insurance_modules_insurance_views_insurance_command_center_oasis_trusted_009,insurance,"$40,144","$40,144",Umbrella / Excess Liability,modules/insurance/views/insurance_command_center_oasis_trusted.html,Umbrella / Excess Liability,high,Derived from visible table row and column headers.,false,"Low runtime risk: app logic uses metric_key, not label, for reads and updates. Medium operational risk: extract-ingestion-data.mjs regenerates label and reseeding/upsert by metric_key would overwrite manual DB changes."
public.ingestion_data,7495809a-e5b0-4894-a710-6eb7bceaa828,insurance_modules_insurance_views_insurance_command_center_oasis_trusted_010,insurance,"$15,275.20","$15,275.20",,modules/insurance/views/insurance_command_center_oasis_trusted.html,,low,No safe frontend text found automatically.,true,"Low runtime risk: app logic uses metric_key, not label, for reads and updates. Medium operational risk: extract-ingestion-data.mjs regenerates label and reseeding/upsert by metric_key would overwrite manual DB changes. Mapping confidence is not high; manual review recommended."
public.ingestion_data,a5c1bd0b-593d-4d45-b732-3dc88d191119,insurance_modules_insurance_views_insurance_command_center_oasis_trusted_011,insurance,"$15,275","$15,275",,modules/insurance/views/insurance_command_center_oasis_trusted.html,,low,No safe frontend text found automatically.,true,"Low runtime risk: app logic uses metric_key, not label, for reads and updates. Medium operational risk: extract-ingestion-data.mjs regenerates label and reseeding/upsert by metric_key would overwrite manual DB changes. Mapping confidence is not high; manual review recommended."
public.ingestion_data,ba023a97-11f8-40f6-9015-0e59ed28a142,insurance_modules_insurance_views_insurance_command_center_oasis_trusted_012,insurance,"$13,230","$13,230",,modules/insurance/views/insurance_command_center_oasis_trusted.html,,low,No safe frontend text found automatically.,true,"Low runtime risk: app logic uses metric_key, not label, for reads and updates. Medium operational risk: extract-ingestion-data.mjs regenerates label and reseeding/upsert by metric_key would overwrite manual DB changes. Mapping confidence is not high; manual review recommended."
public.ingestion_data,5960cb44-7eba-4947-93dd-8449a67e717c,taxes_modules_taxes_views_index_001,taxes,"$8,600,000","$8,600,000",2025 Assessed Value After Appeal,modules/taxes/views/index.html,2025 Assessed Value After Appeal,high,Derived from the nearest visible card/detail label.,false,"Low runtime risk: app logic uses metric_key, not label, for reads and updates. Medium operational risk: extract-ingestion-data.mjs regenerates label and reseeding/upsert by metric_key would overwrite manual DB changes."
public.ingestion_data,36f56993-c1ff-4de2-986d-ed325b53ce89,taxes_modules_taxes_views_index_002,taxes,"$159,109.98","$159,109.98",2026 Projected Net Payable,modules/taxes/views/index.html,2026 Projected Net Payable,high,Derived from the nearest visible card/detail label.,false,"Low runtime risk: app logic uses metric_key, not label, for reads and updates. Medium operational risk: extract-ingestion-data.mjs regenerates label and reseeding/upsert by metric_key would overwrite manual DB changes."
public.ingestion_data,e7a2fed9-3ca7-4a45-b4e2-d04d6c0d7feb,taxes_modules_taxes_views_index_003,taxes,"$7,348.50","$7,348.50",Net Benefit To Owner,modules/taxes/views/index.html,Net Benefit To Owner,high,Derived from the nearest visible card/detail label.,false,"Low runtime risk: app logic uses metric_key, not label, for reads and updates. Medium operational risk: extract-ingestion-data.mjs regenerates label and reseeding/upsert by metric_key would overwrite manual DB changes."
public.ingestion_data,9ad2836e-1e0e-4fc5-b086-e268cf9be072,taxes_modules_taxes_views_index_004,taxes,"$14,195.78","$14,195.78",2025 Net Payable,modules/taxes/views/index.html,2025 Net Payable,high,Derived from the nearest visible card/detail label.,false,"Low runtime risk: app logic uses metric_key, not label, for reads and updates. Medium operational risk: extract-ingestion-data.mjs regenerates label and reseeding/upsert by metric_key would overwrite manual DB changes."
public.ingestion_data,708421fa-b756-4504-a440-19ed1eae2247,taxes_modules_taxes_views_index_005,taxes,"$9,143,000","$9,143,000",2025 Gross Total,modules/taxes/views/index.html,2025 Gross Total,high,Derived from the nearest visible card/detail label.,false,"Low runtime risk: app logic uses metric_key, not label, for reads and updates. Medium operational risk: extract-ingestion-data.mjs regenerates label and reseeding/upsert by metric_key would overwrite manual DB changes."
public.ingestion_data,3266b623-69c1-4d1b-ba8b-6bea4df46046,taxes_modules_taxes_views_index_006,taxes,"$8,600,000","$8,600,000",2026 Gross Total,modules/taxes/views/index.html,2026 Gross Total,high,Derived from the nearest visible card/detail label.,false,"Low runtime risk: app logic uses metric_key, not label, for reads and updates. Medium operational risk: extract-ingestion-data.mjs regenerates label and reseeding/upsert by metric_key would overwrite manual DB changes."
public.ingestion_data,352ee3a7-8721-416a-a0cd-d89bf8234409,taxes_modules_taxes_views_index_007,taxes,"$149,715.38","$149,715.38",Estimated Net Taxable TPP,modules/taxes/views/index.html,Estimated Net Taxable TPP,high,Derived from the nearest visible card/detail label.,false,"Low runtime risk: app logic uses metric_key, not label, for reads and updates. Medium operational risk: extract-ingestion-data.mjs regenerates label and reseeding/upsert by metric_key would overwrite manual DB changes."
public.ingestion_data,af0b5195-0ec3-466a-94af-bff357224aa5,taxes_modules_taxes_views_index_008,taxes,"$7,348.50","$7,348.50","Most actionable figures from the appeal, projection, and tangible personal property schedules.",modules/taxes/views/index.html,"Most actionable figures from the appeal, projection, and tangible personal property schedules.",low,Only nearby section heading was available.,true,"Low runtime risk: app logic uses metric_key, not label, for reads and updates. Medium operational risk: extract-ingestion-data.mjs regenerates label and reseeding/upsert by metric_key would overwrite manual DB changes. Mapping confidence is not high; manual review recommended."
public.ingestion_data,3dbd43a9-7ede-4617-a815-e5d01c315f12,taxes_modules_taxes_views_index_009,taxes,"$163,417.44","$163,417.44","Most actionable figures from the appeal, projection, and tangible personal property schedules.",modules/taxes/views/index.html,"Most actionable figures from the appeal, projection, and tangible personal property schedules.",low,Only nearby section heading was available.,true,"Low runtime risk: app logic uses metric_key, not label, for reads and updates. Medium operational risk: extract-ingestion-data.mjs regenerates label and reseeding/upsert by metric_key would overwrite manual DB changes. Mapping confidence is not high; manual review recommended."
public.ingestion_data,a9dffbc4-fc37-4ffd-ba5a-a8eed42beb76,taxes_modules_taxes_views_index_010,taxes,"$8,958,200","$8,958,200","Most actionable figures from the appeal, projection, and tangible personal property schedules.",modules/taxes/views/index.html,"Most actionable figures from the appeal, projection, and tangible personal property schedules.",low,Only nearby section heading was available.,true,"Low runtime risk: app logic uses metric_key, not label, for reads and updates. Medium operational risk: extract-ingestion-data.mjs regenerates label and reseeding/upsert by metric_key would overwrite manual DB changes. Mapping confidence is not high; manual review recommended."
public.ingestion_data,c722b779-378f-4360-bb95-b47d73b2dbf8,taxes_modules_taxes_views_index_011,taxes,"$3,379.20","$3,379.20",Current Read,modules/taxes/views/index.html,Current Read,low,Only a generic nearby label was available.,true,"Low runtime risk: app logic uses metric_key, not label, for reads and updates. Medium operational risk: extract-ingestion-data.mjs regenerates label and reseeding/upsert by metric_key would overwrite manual DB changes. Mapping confidence is not high; manual review recommended."
public.ingestion_data,74075ce4-96a2-41c3-ba45-1c22d7869420,taxes_modules_taxes_views_index_012,taxes,"$165,586.99","$165,586.99",Current Read,modules/taxes/views/index.html,Current Read,low,Only a generic nearby label was available.,true,"Low runtime risk: app logic uses metric_key, not label, for reads and updates. Medium operational risk: extract-ingestion-data.mjs regenerates label and reseeding/upsert by metric_key would overwrite manual DB changes. Mapping confidence is not high; manual review recommended."
public.ingestion_data,a1f60062-bc18-4d0a-8849-008505929ab4,taxes_modules_taxes_views_index_013,taxes,"$155,953.52","$155,953.52",2024 Actual,modules/taxes/views/index.html,2024 Actual,high,Derived from the nearest visible card/detail label.,false,"Low runtime risk: app logic uses metric_key, not label, for reads and updates. Medium operational risk: extract-ingestion-data.mjs regenerates label and reseeding/upsert by metric_key would overwrite manual DB changes."
public.ingestion_data,ada99e54-42da-441d-bbf1-f3aa08b1e8cb,taxes_modules_taxes_views_index_014,taxes,"$149,715.38","$149,715.38",2024 Actual,modules/taxes/views/index.html,2024 Actual,high,Derived from the nearest visible card/detail label.,false,"Low runtime risk: app logic uses metric_key, not label, for reads and updates. Medium operational risk: extract-ingestion-data.mjs regenerates label and reseeding/upsert by metric_key would overwrite manual DB changes."
public.ingestion_data,59c4593e-eaa8-49a6-9ef8-275cb82f466c,taxes_modules_taxes_views_index_015,taxes,4%,4%,2024 Actual,modules/taxes/views/index.html,2024 Actual,high,Derived from the nearest visible card/detail label.,false,"Low runtime risk: app logic uses metric_key, not label, for reads and updates. Medium operational risk: extract-ingestion-data.mjs regenerates label and reseeding/upsert by metric_key would overwrite manual DB changes."
public.ingestion_data,bbc0ccb7-86f1-4459-a33a-8fc151d0c087,taxes_modules_taxes_views_index_016,taxes,"$165,739.57","$165,739.57",2025 Original,modules/taxes/views/index.html,2025 Original,high,Derived from the nearest visible card/detail label.,false,"Low runtime risk: app logic uses metric_key, not label, for reads and updates. Medium operational risk: extract-ingestion-data.mjs regenerates label and reseeding/upsert by metric_key would overwrite manual DB changes."
public.ingestion_data,1008a4eb-867c-4934-b2ff-85d713985633,taxes_modules_taxes_views_index_017,taxes,"$159,109.98","$159,109.98",2025 After Appeal,modules/taxes/views/index.html,2025 After Appeal,high,Derived from the nearest visible card/detail label.,false,"Low runtime risk: app logic uses metric_key, not label, for reads and updates. Medium operational risk: extract-ingestion-data.mjs regenerates label and reseeding/upsert by metric_key would overwrite manual DB changes."
public.ingestion_data,552bf456-263d-45e1-b395-2a0031d48f74,taxes_modules_taxes_views_index_018,taxes,"$8,958,200","$8,958,200",2025 After Appeal,modules/taxes/views/index.html,2025 After Appeal,high,Derived from the nearest visible card/detail label.,false,"Low runtime risk: app logic uses metric_key, not label, for reads and updates. Medium operational risk: extract-ingestion-data.mjs regenerates label and reseeding/upsert by metric_key would overwrite manual DB changes."
public.ingestion_data,1dad4808-6384-41ce-b9aa-bb0220650edd,taxes_modules_taxes_views_index_019,taxes,"$160,038.24","$160,038.24",2026 Projection,modules/taxes/views/index.html,2026 Projection,high,Derived from the nearest visible card/detail label.,false,"Low runtime risk: app logic uses metric_key, not label, for reads and updates. Medium operational risk: extract-ingestion-data.mjs regenerates label and reseeding/upsert by metric_key would overwrite manual DB changes."
public.ingestion_data,6f4c11b1-dada-4929-8ca0-9945a405b330,taxes_modules_taxes_views_index_020,taxes,"$3,379.20","$3,379.20",2026 Projection,modules/taxes/views/index.html,2026 Projection,high,Derived from the nearest visible card/detail label.,false,"Low runtime risk: app logic uses metric_key, not label, for reads and updates. Medium operational risk: extract-ingestion-data.mjs regenerates label and reseeding/upsert by metric_key would overwrite manual DB changes."
public.ingestion_data,1b9a9a83-d0e4-4ac3-8392-71c9fa58dd89,taxes_modules_taxes_views_index_021,taxes,"$163,417.44","$163,417.44",2024 Historical actual | Taxable / Assessed Value,modules/taxes/views/index.html,2024 Historical actual | Taxable / Assessed Value,high,Derived from visible table row and column headers.,false,"Low runtime risk: app logic uses metric_key, not label, for reads and updates. Medium operational risk: extract-ingestion-data.mjs regenerates label and reseeding/upsert by metric_key would overwrite manual DB changes."
public.ingestion_data,4b35c78a-ddc9-4cc8-9968-2c246b953cd7,taxes_modules_taxes_views_index_022,taxes,"$8,958,200","$8,958,200",2024 Historical actual | Ad Valorem,modules/taxes/views/index.html,2024 Historical actual | Ad Valorem,high,Derived from visible table row and column headers.,false,"Low runtime risk: app logic uses metric_key, not label, for reads and updates. Medium operational risk: extract-ingestion-data.mjs regenerates label and reseeding/upsert by metric_key would overwrite manual DB changes."
public.ingestion_data,4b51fa61-788e-4a84-90f0-7364648576db,taxes_modules_taxes_views_index_023,taxes,"$9,143,000","$9,143,000",2024 Historical actual | Non-Ad Valorem,modules/taxes/views/index.html,2024 Historical actual | Non-Ad Valorem,high,Derived from visible table row and column headers.,false,"Low runtime risk: app logic uses metric_key, not label, for reads and updates. Medium operational risk: extract-ingestion-data.mjs regenerates label and reseeding/upsert by metric_key would overwrite manual DB changes."
public.ingestion_data,688f6f47-40e9-44c5-bdc2-8e45dee2bce2,taxes_modules_taxes_views_index_024,taxes,"$162,207.79","$162,207.79",2024 Historical actual | Grand Total,modules/taxes/views/index.html,2024 Historical actual | Grand Total,high,Derived from visible table row and column headers.,false,"Low runtime risk: app logic uses metric_key, not label, for reads and updates. Medium operational risk: extract-ingestion-data.mjs regenerates label and reseeding/upsert by metric_key would overwrite manual DB changes."
public.ingestion_data,50ce04d7-f4e9-43e5-a1e5-c406e3657a57,taxes_modules_taxes_views_index_025,taxes,"$3,379.20","$3,379.20",2024 Historical actual | Net Payable / Note,modules/taxes/views/index.html,2024 Historical actual | Net Payable / Note,high,Derived from visible table row and column headers.,false,"Low runtime risk: app logic uses metric_key, not label, for reads and updates. Medium operational risk: extract-ingestion-data.mjs regenerates label and reseeding/upsert by metric_key would overwrite manual DB changes."
public.ingestion_data,5e97e01e-5e44-4d40-84ea-bf03d44be30f,taxes_modules_taxes_views_index_026,taxes,"$165,586.99","$165,586.99",2025 Original Pre-appeal | Taxable / Assessed Value,modules/taxes/views/index.html,2025 Original Pre-appeal | Taxable / Assessed Value,high,Derived from visible table row and column headers.,false,"Low runtime risk: app logic uses metric_key, not label, for reads and updates. Medium operational risk: extract-ingestion-data.mjs regenerates label and reseeding/upsert by metric_key would overwrite manual DB changes."
public.ingestion_data,271b3447-93c6-4f8a-9ee2-f8459a41dc19,taxes_modules_taxes_views_index_027,taxes,"$158,963.51","$158,963.51",2025 Original Pre-appeal | Ad Valorem,modules/taxes/views/index.html,2025 Original Pre-appeal | Ad Valorem,high,Derived from visible table row and column headers.,false,"Low runtime risk: app logic uses metric_key, not label, for reads and updates. Medium operational risk: extract-ingestion-data.mjs regenerates label and reseeding/upsert by metric_key would overwrite manual DB changes."
public.ingestion_data,2829e379-ae91-4c0c-a172-03d3ccb1c5da,taxes_modules_taxes_views_index_028,taxes,"$8,600,000","$8,600,000",2025 Original Pre-appeal | Non-Ad Valorem,modules/taxes/views/index.html,2025 Original Pre-appeal | Non-Ad Valorem,high,Derived from visible table row and column headers.,false,"Low runtime risk: app logic uses metric_key, not label, for reads and updates. Medium operational risk: extract-ingestion-data.mjs regenerates label and reseeding/upsert by metric_key would overwrite manual DB changes."
public.ingestion_data,bfbb629d-f491-4c45-9c54-fbdbf080fc04,taxes_modules_taxes_views_index_029,taxes,"$152,574.32","$152,574.32",2025 Original Pre-appeal,modules/taxes/views/index.html,2025 Original Pre-appeal,high,Derived from visible table row and column headers.,false,"Low runtime risk: app logic uses metric_key, not label, for reads and updates. Medium operational risk: extract-ingestion-data.mjs regenerates label and reseeding/upsert by metric_key would overwrite manual DB changes."
public.ingestion_data,16990e5e-3a74-47ed-b717-c913490f0f71,taxes_modules_taxes_views_index_030,taxes,"$3,379.20","$3,379.20",2025 After Appeal CBRE result,modules/taxes/views/index.html,2025 After Appeal CBRE result,high,Derived from visible table row and column headers.,false,"Low runtime risk: app logic uses metric_key, not label, for reads and updates. Medium operational risk: extract-ingestion-data.mjs regenerates label and reseeding/upsert by metric_key would overwrite manual DB changes."
public.ingestion_data,c6759e1c-6173-4f52-92b3-f21d029f3340,taxes_modules_taxes_views_index_031,taxes,"$155,953.52","$155,953.52",2025 After Appeal CBRE result,modules/taxes/views/index.html,2025 After Appeal CBRE result,high,Derived from visible table row and column headers.,false,"Low runtime risk: app logic uses metric_key, not label, for reads and updates. Medium operational risk: extract-ingestion-data.mjs regenerates label and reseeding/upsert by metric_key would overwrite manual DB changes."
public.ingestion_data,31a523b5-8696-478c-a196-f9e5eaf45ed1,taxes_modules_taxes_views_index_032,taxes,"$149,715.38","$149,715.38",2025 After Appeal CBRE result,modules/taxes/views/index.html,2025 After Appeal CBRE result,high,Derived from visible table row and column headers.,false,"Low runtime risk: app logic uses metric_key, not label, for reads and updates. Medium operational risk: extract-ingestion-data.mjs regenerates label and reseeding/upsert by metric_key would overwrite manual DB changes."
public.ingestion_data,319954af-cd63-4ad0-a4da-9f2195c924ba,taxes_modules_taxes_views_index_033,taxes,"$9,151,600","$9,151,600",2025 After Appeal CBRE result,modules/taxes/views/index.html,2025 After Appeal CBRE result,high,Derived from visible table row and column headers.,false,"Low runtime risk: app logic uses metric_key, not label, for reads and updates. Medium operational risk: extract-ingestion-data.mjs regenerates label and reseeding/upsert by metric_key would overwrite manual DB changes."
public.ingestion_data,890447ba-9b9f-4841-b7ea-8b60dd7a7904,taxes_modules_taxes_views_index_034,taxes,"$162,360.37","$162,360.37",2025 After Appeal CBRE result,modules/taxes/views/index.html,2025 After Appeal CBRE result,high,Derived from visible table row and column headers.,false,"Low runtime risk: app logic uses metric_key, not label, for reads and updates. Medium operational risk: extract-ingestion-data.mjs regenerates label and reseeding/upsert by metric_key would overwrite manual DB changes."
public.ingestion_data,253a8ca0-13c6-4729-8a0c-82295d2bf1b7,taxes_modules_taxes_views_index_035,taxes,"$3,379.20","$3,379.20",2025 After Appeal CBRE result,modules/taxes/views/index.html,2025 After Appeal CBRE result,high,Derived from visible table row and column headers.,false,"Low runtime risk: app logic uses metric_key, not label, for reads and updates. Medium operational risk: extract-ingestion-data.mjs regenerates label and reseeding/upsert by metric_key would overwrite manual DB changes."
public.ingestion_data,a6f15570-43c4-4fd6-ad2d-faed8f970110,taxes_modules_taxes_views_index_036,taxes,"$165,739.57","$165,739.57",2026 Projected Projection model,modules/taxes/views/index.html,2026 Projected Projection model,high,Derived from visible table row and column headers.,false,"Low runtime risk: app logic uses metric_key, not label, for reads and updates. Medium operational risk: extract-ingestion-data.mjs regenerates label and reseeding/upsert by metric_key would overwrite manual DB changes."
public.ingestion_data,2132b549-24df-4fcd-9c9d-13411d8091fc,taxes_modules_taxes_views_index_037,taxes,"$159,109.98","$159,109.98",2026 Projected Projection model,modules/taxes/views/index.html,2026 Projected Projection model,high,Derived from visible table row and column headers.,false,"Low runtime risk: app logic uses metric_key, not label, for reads and updates. Medium operational risk: extract-ingestion-data.mjs regenerates label and reseeding/upsert by metric_key would overwrite manual DB changes."
public.ingestion_data,37904079-6c21-41da-8111-ff144753f671,taxes_modules_taxes_views_index_038,taxes,"$9,143,000","$9,143,000",2026 Projected Projection model,modules/taxes/views/index.html,2026 Projected Projection model,high,Derived from visible table row and column headers.,false,"Low runtime risk: app logic uses metric_key, not label, for reads and updates. Medium operational risk: extract-ingestion-data.mjs regenerates label and reseeding/upsert by metric_key would overwrite manual DB changes."
public.ingestion_data,e3eb94ac-0890-4d2a-8514-3358ba564f94,taxes_modules_taxes_views_index_039,taxes,"$8,600,000","$8,600,000",2026 Projected Projection model,modules/taxes/views/index.html,2026 Projected Projection model,high,Derived from visible table row and column headers.,false,"Low runtime risk: app logic uses metric_key, not label, for reads and updates. Medium operational risk: extract-ingestion-data.mjs regenerates label and reseeding/upsert by metric_key would overwrite manual DB changes."
public.ingestion_data,c6d09a5c-3a4f-4561-b935-004a10a6615d,taxes_modules_taxes_views_index_040,taxes,"$9,248.13","$9,248.13",2026 Projected Projection model,modules/taxes/views/index.html,2026 Projected Projection model,high,Derived from visible table row and column headers.,false,"Low runtime risk: app logic uses metric_key, not label, for reads and updates. Medium operational risk: extract-ingestion-data.mjs regenerates label and reseeding/upsert by metric_key would overwrite manual DB changes."
public.ingestion_data,e3106095-3010-4fa8-9ed3-89f02079b101,taxes_modules_taxes_views_index_041,taxes,"$1,849.63","$1,849.63",Assessed Value Reduction,modules/taxes/views/index.html,Assessed Value Reduction,high,Derived from the nearest visible card/detail label.,false,"Low runtime risk: app logic uses metric_key, not label, for reads and updates. Medium operational risk: extract-ingestion-data.mjs regenerates label and reseeding/upsert by metric_key would overwrite manual DB changes."
public.ingestion_data,ca31600c-65be-4546-834b-9355ef221178,taxes_modules_taxes_views_index_042,taxes,$50.00,$50.00,Net Benefit To Owner,modules/taxes/views/index.html,Net Benefit To Owner,high,Derived from the nearest visible card/detail label.,false,"Low runtime risk: app logic uses metric_key, not label, for reads and updates. Medium operational risk: extract-ingestion-data.mjs regenerates label and reseeding/upsert by metric_key would overwrite manual DB changes."
public.ingestion_data,2c99e5c0-8ad1-425c-9b5e-0ae9ee1b44b8,taxes_modules_taxes_views_index_043,taxes,"$1,899.63","$1,899.63",2026 Escrow View,modules/taxes/views/index.html,2026 Escrow View,high,Derived from the nearest visible card/detail label.,false,"Low runtime risk: app logic uses metric_key, not label, for reads and updates. Medium operational risk: extract-ingestion-data.mjs regenerates label and reseeding/upsert by metric_key would overwrite manual DB changes."
public.ingestion_data,ac1c68a1-1658-49d8-8d93-a0ab72b424c3,taxes_modules_taxes_views_index_044,taxes,"$7,348.50","$7,348.50",2026 Escrow View,modules/taxes/views/index.html,2026 Escrow View,high,Derived from the nearest visible card/detail label.,false,"Low runtime risk: app logic uses metric_key, not label, for reads and updates. Medium operational risk: extract-ingestion-data.mjs regenerates label and reseeding/upsert by metric_key would overwrite manual DB changes."
public.ingestion_data,913ed8cb-7033-4263-bfde-1295543d2b4e,taxes_modules_taxes_views_index_045,taxes,"$14,572.46","$14,572.46",2022 | Assessed Value,modules/taxes/views/index.html,2022 | Assessed Value,high,Derived from visible table row and column headers.,false,"Low runtime risk: app logic uses metric_key, not label, for reads and updates. Medium operational risk: extract-ingestion-data.mjs regenerates label and reseeding/upsert by metric_key would overwrite manual DB changes."
public.ingestion_data,f12baecc-9ceb-4f14-9177-8cfe93f7e0ba,taxes_modules_taxes_views_index_046,taxes,"$13,259.17","$13,259.17",2022 | Ad Valorem,modules/taxes/views/index.html,2022 | Ad Valorem,high,Derived from visible table row and column headers.,false,"Low runtime risk: app logic uses metric_key, not label, for reads and updates. Medium operational risk: extract-ingestion-data.mjs regenerates label and reseeding/upsert by metric_key would overwrite manual DB changes."
public.ingestion_data,29d5d6d6-edc1-4e16-9b43-7c65a1cc1856,taxes_modules_taxes_views_index_047,taxes,"$158,963.51","$158,963.51",2022 | Non-Ad Valorem,modules/taxes/views/index.html,2022 | Non-Ad Valorem,high,Derived from visible table row and column headers.,false,"Low runtime risk: app logic uses metric_key, not label, for reads and updates. Medium operational risk: extract-ingestion-data.mjs regenerates label and reseeding/upsert by metric_key would overwrite manual DB changes."
public.ingestion_data,d3565b98-3e87-498f-8530-41576addcc12,taxes_modules_taxes_views_index_048,taxes,"$7,086,090","$7,086,090",2022 | Grand Total,modules/taxes/views/index.html,2022 | Grand Total,high,Derived from visible table row and column headers.,false,"Low runtime risk: app logic uses metric_key, not label, for reads and updates. Medium operational risk: extract-ingestion-data.mjs regenerates label and reseeding/upsert by metric_key would overwrite manual DB changes."
public.ingestion_data,ae6062d1-377d-48e1-aa69-88e767740319,taxes_modules_taxes_views_index_049,taxes,"$127,076.02","$127,076.02",2023 | Assessed Value,modules/taxes/views/index.html,2023 | Assessed Value,high,Derived from visible table row and column headers.,false,"Low runtime risk: app logic uses metric_key, not label, for reads and updates. Medium operational risk: extract-ingestion-data.mjs regenerates label and reseeding/upsert by metric_key would overwrite manual DB changes."
public.ingestion_data,0b43af78-fae4-43a6-9a4c-e56904759705,taxes_modules_taxes_views_index_050,taxes,"$3,379.20","$3,379.20",2023 | Ad Valorem,modules/taxes/views/index.html,2023 | Ad Valorem,high,Derived from visible table row and column headers.,false,"Low runtime risk: app logic uses metric_key, not label, for reads and updates. Medium operational risk: extract-ingestion-data.mjs regenerates label and reseeding/upsert by metric_key would overwrite manual DB changes."
public.ingestion_data,539f1fc0-a758-4b2f-92f3-e8cc5658b6f5,taxes_modules_taxes_views_index_051,taxes,"$130,455.22","$130,455.22",2023 | Non-Ad Valorem,modules/taxes/views/index.html,2023 | Non-Ad Valorem,high,Derived from visible table row and column headers.,false,"Low runtime risk: app logic uses metric_key, not label, for reads and updates. Medium operational risk: extract-ingestion-data.mjs regenerates label and reseeding/upsert by metric_key would overwrite manual DB changes."
public.ingestion_data,9bd6c07c-aa49-4412-8c4c-78a4b37642b1,taxes_modules_taxes_views_index_052,taxes,"$7,794,699","$7,794,699",2023 | Grand Total,modules/taxes/views/index.html,2023 | Grand Total,high,Derived from visible table row and column headers.,false,"Low runtime risk: app logic uses metric_key, not label, for reads and updates. Medium operational risk: extract-ingestion-data.mjs regenerates label and reseeding/upsert by metric_key would overwrite manual DB changes."
public.ingestion_data,908fc714-d568-4454-bcd9-e2e43a73dc5b,taxes_modules_taxes_views_index_053,taxes,"$139,069.66","$139,069.66",2024 | Assessed Value,modules/taxes/views/index.html,2024 | Assessed Value,high,Derived from visible table row and column headers.,false,"Low runtime risk: app logic uses metric_key, not label, for reads and updates. Medium operational risk: extract-ingestion-data.mjs regenerates label and reseeding/upsert by metric_key would overwrite manual DB changes."
public.ingestion_data,ff0594d3-b571-4e31-af7e-47a8ab30f541,taxes_modules_taxes_views_index_054,taxes,"$3,379.20","$3,379.20",2024 | Ad Valorem,modules/taxes/views/index.html,2024 | Ad Valorem,high,Derived from visible table row and column headers.,false,"Low runtime risk: app logic uses metric_key, not label, for reads and updates. Medium operational risk: extract-ingestion-data.mjs regenerates label and reseeding/upsert by metric_key would overwrite manual DB changes."
public.ingestion_data,00271f86-05cd-490d-9d1d-2650a6a3ff73,taxes_modules_taxes_views_index_055,taxes,"$142,448.86","$142,448.86","ata-metric-key=""taxes_modules_taxes_views_index_053"" data-metric-missing=""Missing in Supabase"">$8,958,200 $160,038.24 $3,379.20 $163,417.44 <th scope",modules/taxes/views/index.html,"ata-metric-key=""taxes_modules_taxes_views_index_053"" data-metric-missing=""Missing in Supabase"">$8,958,200 $160,038.24 $3,379.20 $163,417.44 <th scope",low,No clean label found; using nearby visible text for manual review.,true,"Low runtime risk: app logic uses metric_key, not label, for reads and updates. Medium operational risk: extract-ingestion-data.mjs regenerates label and reseeding/upsert by metric_key would overwrite manual DB changes. Mapping confidence is not high; manual review recommended."
public.ingestion_data,5961be68-2a46-4b41-af39-465e2b666b77,taxes_modules_taxes_views_index_056,taxes,"$8,574,168","$8,574,168","data-metric-key=""taxes_modules_taxes_views_index_054"" data-metric-missing=""Missing in Supabase"">$160,038.24 $3,379.20 $163,417.44 2025 After Appeal <span data-metric-key=""taxes_modules_taxes_views_index_057"" data-metric-missing=""Missing in Su",modules/taxes/views/index.html,"data-metric-key=""taxes_modules_taxes_views_index_054"" data-metric-missing=""Missing in Supabase"">$160,038.24 $3,379.20 $163,417.44 2025 After Appeal <span data-metric-key=""taxes_modules_taxes_views_index_057"" data-metric-missing=""Missing in Su",low,No clean label found; using nearby visible text for manual review.,true,"Low runtime risk: app logic uses metric_key, not label, for reads and updates. Medium operational risk: extract-ingestion-data.mjs regenerates label and reseeding/upsert by metric_key would overwrite manual DB changes. Mapping confidence is not high; manual review recommended."
public.ingestion_data,611e56fe-1cd0-45f7-a3b8-efd25b7a6138,taxes_modules_taxes_views_index_057,taxes,"$157,359.97","$157,359.97",2025 After Appeal,modules/taxes/views/index.html,2025 After Appeal,high,Derived from visible table row and column headers.,false,"Low runtime risk: app logic uses metric_key, not label, for reads and updates. Medium operational risk: extract-ingestion-data.mjs regenerates label and reseeding/upsert by metric_key would overwrite manual DB changes."
public.ingestion_data,fb12eaaa-dec3-423c-9ccc-c477db9cd515,taxes_modules_taxes_views_index_058,taxes,"$3,379.20","$3,379.20",2025 After Appeal,modules/taxes/views/index.html,2025 After Appeal,high,Derived from visible table row and column headers.,false,"Low runtime risk: app logic uses metric_key, not label, for reads and updates. Medium operational risk: extract-ingestion-data.mjs regenerates label and reseeding/upsert by metric_key would overwrite manual DB changes."
public.ingestion_data,5d64148e-d59a-4e9e-a3bc-a20bd04c0cac,taxes_modules_taxes_views_index_059,taxes,"$160,739.17","$160,739.17",2025 After Appeal,modules/taxes/views/index.html,2025 After Appeal,high,Derived from visible table row and column headers.,false,"Low runtime risk: app logic uses metric_key, not label, for reads and updates. Medium operational risk: extract-ingestion-data.mjs regenerates label and reseeding/upsert by metric_key would overwrite manual DB changes."
public.ingestion_data,0a753ca1-0df8-4e95-9854-76771a876294,taxes_modules_taxes_views_index_060,taxes,"$8,958,200","$8,958,200",2025 After Appeal,modules/taxes/views/index.html,2025 After Appeal,high,Derived from visible table row and column headers.,false,"Low runtime risk: app logic uses metric_key, not label, for reads and updates. Medium operational risk: extract-ingestion-data.mjs regenerates label and reseeding/upsert by metric_key would overwrite manual DB changes."
public.ingestion_data,5ee097f1-2a2c-42f5-9dac-d6ef2c0792d5,taxes_modules_taxes_views_index_061,taxes,"$160,038.24","$160,038.24",2026 Projection,modules/taxes/views/index.html,2026 Projection,high,Derived from visible table row and column headers.,false,"Low runtime risk: app logic uses metric_key, not label, for reads and updates. Medium operational risk: extract-ingestion-data.mjs regenerates label and reseeding/upsert by metric_key would overwrite manual DB changes."
public.ingestion_data,37df8b60-f798-4532-949e-404855146697,taxes_modules_taxes_views_index_062,taxes,"$3,379.20","$3,379.20",2026 Projection,modules/taxes/views/index.html,2026 Projection,high,Derived from visible table row and column headers.,false,"Low runtime risk: app logic uses metric_key, not label, for reads and updates. Medium operational risk: extract-ingestion-data.mjs regenerates label and reseeding/upsert by metric_key would overwrite manual DB changes."
public.ingestion_data,d7874918-2800-4be0-b75e-59a595986aa8,taxes_modules_taxes_views_index_063,taxes,"$163,417.44","$163,417.44",2026 Projection,modules/taxes/views/index.html,2026 Projection,high,Derived from visible table row and column headers.,false,"Low runtime risk: app logic uses metric_key, not label, for reads and updates. Medium operational risk: extract-ingestion-data.mjs regenerates label and reseeding/upsert by metric_key would overwrite manual DB changes."
public.ingestion_data,b53d1010-bcc7-4569-86f5-176e94432b63,taxes_modules_taxes_views_index_064,taxes,"$9,143,000","$9,143,000",2026 Projection,modules/taxes/views/index.html,2026 Projection,high,Derived from visible table row and column headers.,false,"Low runtime risk: app logic uses metric_key, not label, for reads and updates. Medium operational risk: extract-ingestion-data.mjs regenerates label and reseeding/upsert by metric_key would overwrite manual DB changes."
public.ingestion_data,ece295e9-40d1-4147-9775-38c0c451c36c,taxes_modules_taxes_views_index_065,taxes,"$162,207.79","$162,207.79",Duval County | Tax Amount,modules/taxes/views/index.html,Duval County | Tax Amount,high,Derived from visible table row and column headers.,false,"Low runtime risk: app logic uses metric_key, not label, for reads and updates. Medium operational risk: extract-ingestion-data.mjs regenerates label and reseeding/upsert by metric_key would overwrite manual DB changes."
public.ingestion_data,cabc0a4d-ee55-4e21-835e-f6c2cc57383b,taxes_modules_taxes_views_index_066,taxes,"$3,379.20","$3,379.20",City of Jacksonville | Tax Amount,modules/taxes/views/index.html,City of Jacksonville | Tax Amount,high,Derived from visible table row and column headers.,false,"Low runtime risk: app logic uses metric_key, not label, for reads and updates. Medium operational risk: extract-ingestion-data.mjs regenerates label and reseeding/upsert by metric_key would overwrite manual DB changes."
public.ingestion_data,ac67b748-5970-4f51-9cde-21f483f97cc2,taxes_modules_taxes_views_index_067,taxes,"$165,586.99","$165,586.99",Duval County School Board | Tax Amount,modules/taxes/views/index.html,Duval County School Board | Tax Amount,high,Derived from visible table row and column headers.,false,"Low runtime risk: app logic uses metric_key, not label, for reads and updates. Medium operational risk: extract-ingestion-data.mjs regenerates label and reseeding/upsert by metric_key would overwrite manual DB changes."
public.ingestion_data,4bc0ae43-187b-4368-abfc-e85bb2ecbbfa,taxes_modules_taxes_views_index_068,taxes,"$8,600,000","$8,600,000",St. Johns Water Management | Tax Amount,modules/taxes/views/index.html,St. Johns Water Management | Tax Amount,high,Derived from visible table row and column headers.,false,"Low runtime risk: app logic uses metric_key, not label, for reads and updates. Medium operational risk: extract-ingestion-data.mjs regenerates label and reseeding/upsert by metric_key would overwrite manual DB changes."
public.ingestion_data,984a17c0-64e8-4594-8e9e-66cf314ec26b,taxes_modules_taxes_views_index_069,taxes,"$152,574.32","$152,574.32",F.I.R.E. District | Tax Amount,modules/taxes/views/index.html,F.I.R.E. District | Tax Amount,high,Derived from visible table row and column headers.,false,"Low runtime risk: app logic uses metric_key, not label, for reads and updates. Medium operational risk: extract-ingestion-data.mjs regenerates label and reseeding/upsert by metric_key would overwrite manual DB changes."
public.ingestion_data,44a70caa-f3e1-4011-aae3-733d78c469d1,taxes_modules_taxes_views_index_070,taxes,"$3,379.20","$3,379.20",Jacksonville Children's Commission | Tax Amount,modules/taxes/views/index.html,Jacksonville Children's Commission | Tax Amount,high,Derived from visible table row and column headers.,false,"Low runtime risk: app logic uses metric_key, not label, for reads and updates. Medium operational risk: extract-ingestion-data.mjs regenerates label and reseeding/upsert by metric_key would overwrite manual DB changes."
public.ingestion_data,bf3fe4d7-40e4-40d1-8660-01e11f63beca,taxes_modules_taxes_views_index_071,taxes,"$155,953.52","$155,953.52",Mosquito Control,modules/taxes/views/index.html,Mosquito Control,high,Derived from visible table row and column headers.,false,"Low runtime risk: app logic uses metric_key, not label, for reads and updates. Medium operational risk: extract-ingestion-data.mjs regenerates label and reseeding/upsert by metric_key would overwrite manual DB changes."
public.ingestion_data,bbe9bfa3-88e5-463d-ad7f-0e8ebd1561fe,taxes_modules_taxes_views_index_072,taxes,"$9,151,600","$9,151,600","Furniture, Fixtures & Equipment | Original Cost",modules/taxes/views/index.html,"Furniture, Fixtures & Equipment | Original Cost",high,Derived from visible table row and column headers.,false,"Low runtime risk: app logic uses metric_key, not label, for reads and updates. Medium operational risk: extract-ingestion-data.mjs regenerates label and reseeding/upsert by metric_key would overwrite manual DB changes."
public.ingestion_data,3109fc0a-8c66-4bdb-83e5-f0d8914656aa,taxes_modules_taxes_views_index_073,taxes,"$162,373.47","$162,373.47","Furniture, Fixtures & Equipment | Depreciated Value",modules/taxes/views/index.html,"Furniture, Fixtures & Equipment | Depreciated Value",high,Derived from visible table row and column headers.,false,"Low runtime risk: app logic uses metric_key, not label, for reads and updates. Medium operational risk: extract-ingestion-data.mjs regenerates label and reseeding/upsert by metric_key would overwrite manual DB changes."
public.ingestion_data,a8dd49b3-3983-4f19-a296-96897ea34d14,taxes_modules_taxes_views_index_074,taxes,"$3,379.20","$3,379.20","Furniture, Fixtures & Equipment | Exemption / Adjustment",modules/taxes/views/index.html,"Furniture, Fixtures & Equipment | Exemption / Adjustment",high,Derived from visible table row and column headers.,false,"Low runtime risk: app logic uses metric_key, not label, for reads and updates. Medium operational risk: extract-ingestion-data.mjs regenerates label and reseeding/upsert by metric_key would overwrite manual DB changes."
public.ingestion_data,8e87a748-1979-4235-b273-2a8f541090f4,taxes_modules_taxes_views_index_075,taxes,"$165,752.67","$165,752.67","Furniture, Fixtures & Equipment | Net Taxable",modules/taxes/views/index.html,"Furniture, Fixtures & Equipment | Net Taxable",high,Derived from visible table row and column headers.,false,"Low runtime risk: app logic uses metric_key, not label, for reads and updates. Medium operational risk: extract-ingestion-data.mjs regenerates label and reseeding/upsert by metric_key would overwrite manual DB changes."
public.ingestion_data,f2cd2c36-6f25-44ad-8cab-a3008586d962,taxes_modules_taxes_views_index_076,taxes,"$96,212.84","$96,212.84",Leasing / Office Equipment | Original Cost,modules/taxes/views/index.html,Leasing / Office Equipment | Original Cost,high,Derived from visible table row and column headers.,false,"Low runtime risk: app logic uses metric_key, not label, for reads and updates. Medium operational risk: extract-ingestion-data.mjs regenerates label and reseeding/upsert by metric_key would overwrite manual DB changes."
public.ingestion_data,4a540e56-e339-4d17-bffd-cd3e2bd18ae4,taxes_modules_taxes_views_index_077,taxes,"$26,607.00","$26,607.00",Leasing / Office Equipment | Depreciated Value,modules/taxes/views/index.html,Leasing / Office Equipment | Depreciated Value,high,Derived from visible table row and column headers.,false,"Low runtime risk: app logic uses metric_key, not label, for reads and updates. Medium operational risk: extract-ingestion-data.mjs regenerates label and reseeding/upsert by metric_key would overwrite manual DB changes."
public.ingestion_data,e57109b7-51fe-4c8b-8621-bcf8382b4272,taxes_modules_taxes_views_index_078,taxes,"$12,900.00","$12,900.00",Leasing / Office Equipment | Exemption / Adjustment,modules/taxes/views/index.html,Leasing / Office Equipment | Exemption / Adjustment,high,Derived from visible table row and column headers.,false,"Low runtime risk: app logic uses metric_key, not label, for reads and updates. Medium operational risk: extract-ingestion-data.mjs regenerates label and reseeding/upsert by metric_key would overwrite manual DB changes."
public.ingestion_data,64e2fc77-acb6-4c42-9615-52bae05fef9c,taxes_modules_taxes_views_index_079,taxes,"$8,600.00","$8,600.00",Leasing / Office Equipment | Net Taxable,modules/taxes/views/index.html,Leasing / Office Equipment | Net Taxable,high,Derived from visible table row and column headers.,false,"Low runtime risk: app logic uses metric_key, not label, for reads and updates. Medium operational risk: extract-ingestion-data.mjs regenerates label and reseeding/upsert by metric_key would overwrite manual DB changes."
public.ingestion_data,2ad5b2d5-812b-4514-b603-45548899fa50,taxes_modules_taxes_views_index_080,taxes,"$3,379.20","$3,379.20",Maintenance Tools & Shop Assets | Original Cost,modules/taxes/views/index.html,Maintenance Tools & Shop Assets | Original Cost,high,Derived from visible table row and column headers.,false,"Low runtime risk: app logic uses metric_key, not label, for reads and updates. Medium operational risk: extract-ingestion-data.mjs regenerates label and reseeding/upsert by metric_key would overwrite manual DB changes."
public.ingestion_data,4da98281-7b9a-42c9-bea5-5d7531d1a645,taxes_modules_taxes_views_index_081,taxes,"$152,574.32","$152,574.32",Maintenance Tools & Shop Assets,modules/taxes/views/index.html,Maintenance Tools & Shop Assets,high,Derived from visible table row and column headers.,false,"Low runtime risk: app logic uses metric_key, not label, for reads and updates. Medium operational risk: extract-ingestion-data.mjs regenerates label and reseeding/upsert by metric_key would overwrite manual DB changes."
public.ingestion_data,ee3aaaa2-cd6c-45a6-8864-3e515b42bccf,taxes_modules_taxes_views_index_082,taxes,"$3,379.20","$3,379.20",Maintenance Tools & Shop Assets,modules/taxes/views/index.html,Maintenance Tools & Shop Assets,high,Derived from visible table row and column headers.,false,"Low runtime risk: app logic uses metric_key, not label, for reads and updates. Medium operational risk: extract-ingestion-data.mjs regenerates label and reseeding/upsert by metric_key would overwrite manual DB changes."
public.ingestion_data,24d9e9de-a5cf-461c-92d1-ce8cf8589bc4,taxes_modules_taxes_views_index_083,taxes,"$25,000","$25,000",Maintenance Tools & Shop Assets,modules/taxes/views/index.html,Maintenance Tools & Shop Assets,high,Derived from visible table row and column headers.,false,"Low runtime risk: app logic uses metric_key, not label, for reads and updates. Medium operational risk: extract-ingestion-data.mjs regenerates label and reseeding/upsert by metric_key would overwrite manual DB changes."
public.ingestion_data,83b95aa6-290c-4fce-87e8-49f8983ccc2f,taxes_modules_taxes_views_index_084,taxes,"$2,452.51","$2,452.51",Signage / Miscellaneous,modules/taxes/views/index.html,Signage / Miscellaneous,high,Derived from visible table row and column headers.,false,"Low runtime risk: app logic uses metric_key, not label, for reads and updates. Medium operational risk: extract-ingestion-data.mjs regenerates label and reseeding/upsert by metric_key would overwrite manual DB changes."
public.ingestion_data,d3b9d3bd-5b9d-461d-8361-4071b433056b,taxes_modules_taxes_views_index_085,taxes,"$36,734.27","$36,734.27",Signage / Miscellaneous,modules/taxes/views/index.html,Signage / Miscellaneous,high,Derived from visible table row and column headers.,false,"Low runtime risk: app logic uses metric_key, not label, for reads and updates. Medium operational risk: extract-ingestion-data.mjs regenerates label and reseeding/upsert by metric_key would overwrite manual DB changes."
public.ingestion_data,3cada7c3-e13b-46e0-aa9b-dac005ddbef8,taxes_modules_taxes_views_index_086,taxes,"$39,195.78","$39,195.78",Signage / Miscellaneous,modules/taxes/views/index.html,Signage / Miscellaneous,high,Derived from visible table row and column headers.,false,"Low runtime risk: app logic uses metric_key, not label, for reads and updates. Medium operational risk: extract-ingestion-data.mjs regenerates label and reseeding/upsert by metric_key would overwrite manual DB changes."
public.ingestion_data,88859ad6-0451-4d53-8a42-3dfaa1123ad1,taxes_modules_taxes_views_index_087,taxes,"$14,195.78","$14,195.78",Signage / Miscellaneous,modules/taxes/views/index.html,Signage / Miscellaneous,high,Derived from visible table row and column headers.,false,"Low runtime risk: app logic uses metric_key, not label, for reads and updates. Medium operational risk: extract-ingestion-data.mjs regenerates label and reseeding/upsert by metric_key would overwrite manual DB changes."
public.ingestion_data,3e64c40f-1190-42ac-a1f0-64c6aadb77ac,taxes_modules_taxes_views_index_088,taxes,"$25,000","$25,000",Estimated Net Taxable TPP,modules/taxes/views/index.html,Estimated Net Taxable TPP,high,Derived from visible table row and column headers.,false,"Low runtime risk: app logic uses metric_key, not label, for reads and updates. Medium operational risk: extract-ingestion-data.mjs regenerates label and reseeding/upsert by metric_key would overwrite manual DB changes."
public.ingestion_data,d535cadf-b8b4-4e0e-b2c1-bac7d0a436ed,taxes_modules_taxes_views_index_089,taxes,$128.99,$128.99,Estimated Net Taxable TPP,modules/taxes/views/index.html,Estimated Net Taxable TPP,high,Derived from visible table row and column headers.,false,"Low runtime risk: app logic uses metric_key, not label, for reads and updates. Medium operational risk: extract-ingestion-data.mjs regenerates label and reseeding/upsert by metric_key would overwrite manual DB changes."
public.ingestion_data,e5739fdd-ddd5-49e4-bf59-cd0bbcc54cac,taxes_modules_taxes_views_index_090,taxes,$210.00,$210.00,Estimated Net Taxable TPP,modules/taxes/views/index.html,Estimated Net Taxable TPP,high,Derived from visible table row and column headers.,false,"Low runtime risk: app logic uses metric_key, not label, for reads and updates. Medium operational risk: extract-ingestion-data.mjs regenerates label and reseeding/upsert by metric_key would overwrite manual DB changes."
public.ingestion_data,aba07d13-ffa8-4bbe-9c0c-102f3ae941dd,taxes_modules_taxes_views_index_091,taxes,$799.00,$799.00,Estimated Net Taxable TPP,modules/taxes/views/index.html,Estimated Net Taxable TPP,high,Derived from visible table row and column headers.,false,"Low runtime risk: app logic uses metric_key, not label, for reads and updates. Medium operational risk: extract-ingestion-data.mjs regenerates label and reseeding/upsert by metric_key would overwrite manual DB changes."
public.ingestion_data,84594ffe-6393-466e-b330-7b0571034926,taxes_modules_taxes_views_index_092,taxes,$105.00,$105.00,County / City Taxable Value | 2024,modules/taxes/views/index.html,County / City Taxable Value | 2024,high,Derived from visible table row and column headers.,false,"Low runtime risk: app logic uses metric_key, not label, for reads and updates. Medium operational risk: extract-ingestion-data.mjs regenerates label and reseeding/upsert by metric_key would overwrite manual DB changes."
public.ingestion_data,bbff6987-f7b2-4e67-a641-f5369df34442,taxes_modules_taxes_views_index_093,taxes,$499.00,$499.00,County / City Taxable Value | 2025 Original,modules/taxes/views/index.html,County / City Taxable Value | 2025 Original,high,Derived from visible table row and column headers.,false,"Low runtime risk: app logic uses metric_key, not label, for reads and updates. Medium operational risk: extract-ingestion-data.mjs regenerates label and reseeding/upsert by metric_key would overwrite manual DB changes."
public.ingestion_data,b88feaba-850c-4738-9775-c03c0f6d38bd,taxes_modules_taxes_views_index_094,taxes,"$36,743.27","$36,743.27",County / City Taxable Value | 2025 After Appeal,modules/taxes/views/index.html,County / City Taxable Value | 2025 After Appeal,high,Derived from visible table row and column headers.,false,"Low runtime risk: app logic uses metric_key, not label, for reads and updates. Medium operational risk: extract-ingestion-data.mjs regenerates label and reseeding/upsert by metric_key would overwrite manual DB changes."
public.ingestion_data,3208e691-8983-4b53-acce-fa6fe29ae71b,taxes_modules_taxes_views_index_095,taxes,"$7,086,090","$7,086,090",County / City Taxable Value | 2026 Projection,modules/taxes/views/index.html,County / City Taxable Value | 2026 Projection,high,Derived from visible table row and column headers.,false,"Low runtime risk: app logic uses metric_key, not label, for reads and updates. Medium operational risk: extract-ingestion-data.mjs regenerates label and reseeding/upsert by metric_key would overwrite manual DB changes."
public.ingestion_data,2d989627-71e4-4c4d-b69b-51820e7ff6a6,taxes_modules_taxes_views_index_096,taxes,"$7,794,699","$7,794,699",School Taxable Value | 2024,modules/taxes/views/index.html,School Taxable Value | 2024,high,Derived from visible table row and column headers.,false,"Low runtime risk: app logic uses metric_key, not label, for reads and updates. Medium operational risk: extract-ingestion-data.mjs regenerates label and reseeding/upsert by metric_key would overwrite manual DB changes."
public.ingestion_data,0fe5c527-c16f-4b7c-a1a3-98656b60cfa4,taxes_modules_taxes_views_index_097,taxes,"$8,574,168","$8,574,168",School Taxable Value | 2025 Original,modules/taxes/views/index.html,School Taxable Value | 2025 Original,high,Derived from visible table row and column headers.,false,"Low runtime risk: app logic uses metric_key, not label, for reads and updates. Medium operational risk: extract-ingestion-data.mjs regenerates label and reseeding/upsert by metric_key would overwrite manual DB changes."
public.ingestion_data,858afdec-953b-42a9-b5a6-cbe7cf1611a3,taxes_modules_taxes_views_index_098,taxes,"$8,958,200","$8,958,200",School Taxable Value | 2025 After Appeal,modules/taxes/views/index.html,School Taxable Value | 2025 After Appeal,high,Derived from visible table row and column headers.,false,"Low runtime risk: app logic uses metric_key, not label, for reads and updates. Medium operational risk: extract-ingestion-data.mjs regenerates label and reseeding/upsert by metric_key would overwrite manual DB changes."
public.ingestion_data,0c7e100f-6b4a-4f1a-add4-82be6e0148e3,taxes_modules_taxes_views_index_099,taxes,"$9,143,000","$9,143,000",School Taxable Value | 2026 Projection,modules/taxes/views/index.html,School Taxable Value | 2026 Projection,high,Derived from visible table row and column headers.,false,"Low runtime risk: app logic uses metric_key, not label, for reads and updates. Medium operational risk: extract-ingestion-data.mjs regenerates label and reseeding/upsert by metric_key would overwrite manual DB changes."
public.ingestion_data,f88a0c45-5b0d-4240-9c4d-aad7d3ab43af,taxes_modules_taxes_views_index_100,taxes,"$8,600,000","$8,600,000",TPP Net Taxable | 2024,modules/taxes/views/index.html,TPP Net Taxable | 2024,high,Derived from visible table row and column headers.,false,"Low runtime risk: app logic uses metric_key, not label, for reads and updates. Medium operational risk: extract-ingestion-data.mjs regenerates label and reseeding/upsert by metric_key would overwrite manual DB changes."
public.ingestion_data,06e6d713-7efa-46b6-bb22-c7f74822493c,taxes_modules_taxes_views_index_101,taxes,"$9,151,600","$9,151,600",TPP Net Taxable,modules/taxes/views/index.html,TPP Net Taxable,high,Derived from visible table row and column headers.,false,"Low runtime risk: app logic uses metric_key, not label, for reads and updates. Medium operational risk: extract-ingestion-data.mjs regenerates label and reseeding/upsert by metric_key would overwrite manual DB changes."
public.ingestion_data,2f189bae-b7b6-4b4c-b1eb-727a48a1edad,taxes_modules_taxes_views_index_102,taxes,"$7,086,090","$7,086,090",TPP Net Taxable,modules/taxes/views/index.html,TPP Net Taxable,high,Derived from visible table row and column headers.,false,"Low runtime risk: app logic uses metric_key, not label, for reads and updates. Medium operational risk: extract-ingestion-data.mjs regenerates label and reseeding/upsert by metric_key would overwrite manual DB changes."
public.ingestion_data,a1da57a0-6dbd-45f0-9f83-6aca86d5aa41,taxes_modules_taxes_views_index_103,taxes,"$7,794,699","$7,794,699",TPP Net Taxable,modules/taxes/views/index.html,TPP Net Taxable,high,Derived from visible table row and column headers.,false,"Low runtime risk: app logic uses metric_key, not label, for reads and updates. Medium operational risk: extract-ingestion-data.mjs regenerates label and reseeding/upsert by metric_key would overwrite manual DB changes."
public.ingestion_data,a1e77cc7-04f5-4e5b-a022-8aeca7900cba,taxes_modules_taxes_views_index_104,taxes,"$8,574,168","$8,574,168",County + City | 2024,modules/taxes/views/index.html,County + City | 2024,high,Derived from visible table row and column headers.,false,"Low runtime risk: app logic uses metric_key, not label, for reads and updates. Medium operational risk: extract-ingestion-data.mjs regenerates label and reseeding/upsert by metric_key would overwrite manual DB changes."
public.ingestion_data,c32539a7-049d-4d13-b2ea-ca6559922bcb,taxes_modules_taxes_views_index_105,taxes,"$8,958,200","$8,958,200",County + City | 2025 Original,modules/taxes/views/index.html,County + City | 2025 Original,high,Derived from visible table row and column headers.,false,"Low runtime risk: app logic uses metric_key, not label, for reads and updates. Medium operational risk: extract-ingestion-data.mjs regenerates label and reseeding/upsert by metric_key would overwrite manual DB changes."
public.ingestion_data,7355b9bf-06f8-421b-9033-fd04b8d31b24,taxes_modules_taxes_views_index_106,taxes,"$9,143,000","$9,143,000",County + City | 2025 After Appeal,modules/taxes/views/index.html,County + City | 2025 After Appeal,high,Derived from visible table row and column headers.,false,"Low runtime risk: app logic uses metric_key, not label, for reads and updates. Medium operational risk: extract-ingestion-data.mjs regenerates label and reseeding/upsert by metric_key would overwrite manual DB changes."
public.ingestion_data,3c3f3767-52ee-482d-aef3-f70b45a5e8e2,taxes_modules_taxes_views_index_107,taxes,"$8,600,000","$8,600,000",County + City | 2026 Projection,modules/taxes/views/index.html,County + City | 2026 Projection,high,Derived from visible table row and column headers.,false,"Low runtime risk: app logic uses metric_key, not label, for reads and updates. Medium operational risk: extract-ingestion-data.mjs regenerates label and reseeding/upsert by metric_key would overwrite manual DB changes."
public.ingestion_data,82ac4f70-08e4-4df0-ad8d-0858c05ddb57,taxes_modules_taxes_views_index_108,taxes,"$9,151,600","$9,151,600",School Board | 2024,modules/taxes/views/index.html,School Board | 2024,high,Derived from visible table row and column headers.,false,"Low runtime risk: app logic uses metric_key, not label, for reads and updates. Medium operational risk: extract-ingestion-data.mjs regenerates label and reseeding/upsert by metric_key would overwrite manual DB changes."
public.ingestion_data,a994c2bf-905e-48e1-8732-d98feaf120ca,taxes_modules_taxes_views_index_109,taxes,"$7,086,090","$7,086,090",School Board | 2025 Original,modules/taxes/views/index.html,School Board | 2025 Original,high,Derived from visible table row and column headers.,false,"Low runtime risk: app logic uses metric_key, not label, for reads and updates. Medium operational risk: extract-ingestion-data.mjs regenerates label and reseeding/upsert by metric_key would overwrite manual DB changes."
public.ingestion_data,8b026ae6-a016-4b73-9636-1576b2067f5f,taxes_modules_taxes_views_index_110,taxes,"$7,794,699","$7,794,699",School Board | 2025 After Appeal,modules/taxes/views/index.html,School Board | 2025 After Appeal,high,Derived from visible table row and column headers.,false,"Low runtime risk: app logic uses metric_key, not label, for reads and updates. Medium operational risk: extract-ingestion-data.mjs regenerates label and reseeding/upsert by metric_key would overwrite manual DB changes."
public.ingestion_data,89fc56db-739d-41f2-86dd-9ee933088500,taxes_modules_taxes_views_index_111,taxes,"$8,574,168","$8,574,168",School Board | 2026 Projection,modules/taxes/views/index.html,School Board | 2026 Projection,high,Derived from visible table row and column headers.,false,"Low runtime risk: app logic uses metric_key, not label, for reads and updates. Medium operational risk: extract-ingestion-data.mjs regenerates label and reseeding/upsert by metric_key would overwrite manual DB changes."
public.ingestion_data,311ce725-22d7-4462-9304-ab6a86e3ab4b,taxes_modules_taxes_views_index_112,taxes,"$8,958,200","$8,958,200",Special Districts | 2024,modules/taxes/views/index.html,Special Districts | 2024,high,Derived from visible table row and column headers.,false,"Low runtime risk: app logic uses metric_key, not label, for reads and updates. Medium operational risk: extract-ingestion-data.mjs regenerates label and reseeding/upsert by metric_key would overwrite manual DB changes."
public.ingestion_data,4a1b8bb4-68e9-462a-ae17-8ebdb92ccd55,taxes_modules_taxes_views_index_113,taxes,"$9,143,000","$9,143,000",Special Districts,modules/taxes/views/index.html,Special Districts,high,Derived from visible table row and column headers.,false,"Low runtime risk: app logic uses metric_key, not label, for reads and updates. Medium operational risk: extract-ingestion-data.mjs regenerates label and reseeding/upsert by metric_key would overwrite manual DB changes."
public.ingestion_data,35f3986a-d627-484f-87d3-21bea3e04833,taxes_modules_taxes_views_index_114,taxes,"$8,600,000","$8,600,000",Special Districts,modules/taxes/views/index.html,Special Districts,high,Derived from visible table row and column headers.,false,"Low runtime risk: app logic uses metric_key, not label, for reads and updates. Medium operational risk: extract-ingestion-data.mjs regenerates label and reseeding/upsert by metric_key would overwrite manual DB changes."
public.ingestion_data,e6bb3c97-8407-4661-8784-3e12438afa4a,taxes_modules_taxes_views_index_115,taxes,"$9,151,600","$9,151,600",Special Districts,modules/taxes/views/index.html,Special Districts,high,Derived from visible table row and column headers.,false,"Low runtime risk: app logic uses metric_key, not label, for reads and updates. Medium operational risk: extract-ingestion-data.mjs regenerates label and reseeding/upsert by metric_key would overwrite manual DB changes."
public.ingestion_data,15f01c20-868c-4291-9481-173647ad4b40,taxes_modules_taxes_views_index_116,taxes,"$7,613,600","$7,613,600",Non-Ad Valorem,modules/taxes/views/index.html,Non-Ad Valorem,high,Derived from visible table row and column headers.,false,"Low runtime risk: app logic uses metric_key, not label, for reads and updates. Medium operational risk: extract-ingestion-data.mjs regenerates label and reseeding/upsert by metric_key would overwrite manual DB changes."
public.ingestion_data,6513de37-9e71-45df-9820-5781b508b915,taxes_modules_taxes_views_index_117,taxes,"$8,947,800","$8,947,800",Non-Ad Valorem,modules/taxes/views/index.html,Non-Ad Valorem,high,Derived from visible table row and column headers.,false,"Low runtime risk: app logic uses metric_key, not label, for reads and updates. Medium operational risk: extract-ingestion-data.mjs regenerates label and reseeding/upsert by metric_key would overwrite manual DB changes."
public.ingestion_data,c4a34256-6207-461a-ba94-9c719b8cd460,taxes_modules_taxes_views_index_118,taxes,"$9,103,200","$9,103,200",Non-Ad Valorem,modules/taxes/views/index.html,Non-Ad Valorem,high,Derived from visible table row and column headers.,false,"Low runtime risk: app logic uses metric_key, not label, for reads and updates. Medium operational risk: extract-ingestion-data.mjs regenerates label and reseeding/upsert by metric_key would overwrite manual DB changes."
public.ingestion_data,854ba3c6-c9f2-4ba8-bef2-9b63d0c8c4e8,taxes_modules_taxes_views_index_119,taxes,"$8,958,200","$8,958,200",Non-Ad Valorem,modules/taxes/views/index.html,Non-Ad Valorem,high,Derived from visible table row and column headers.,false,"Low runtime risk: app logic uses metric_key, not label, for reads and updates. Medium operational risk: extract-ingestion-data.mjs regenerates label and reseeding/upsert by metric_key would overwrite manual DB changes."
public.ingestion_data,6c53a413-c08c-4cc0-b6d1-9e316e952bc3,taxes_modules_taxes_views_index_120,taxes,"$9,143,000","$9,143,000",Grand Total,modules/taxes/views/index.html,Grand Total,high,Derived from visible table row and column headers.,false,"Low runtime risk: app logic uses metric_key, not label, for reads and updates. Medium operational risk: extract-ingestion-data.mjs regenerates label and reseeding/upsert by metric_key would overwrite manual DB changes."
public.ingestion_data,90317056-8e49-434d-98c1-77001cb3c0ff,taxes_modules_taxes_views_index_121,taxes,"$8,600,000","$8,600,000",Grand Total,modules/taxes/views/index.html,Grand Total,high,Derived from visible table row and column headers.,false,"Low runtime risk: app logic uses metric_key, not label, for reads and updates. Medium operational risk: extract-ingestion-data.mjs regenerates label and reseeding/upsert by metric_key would overwrite manual DB changes."
public.ingestion_data,247e6517-ae85-499a-90bc-58077cb7c634,taxes_modules_taxes_views_index_122,taxes,"$9,151,600","$9,151,600",Grand Total,modules/taxes/views/index.html,Grand Total,high,Derived from visible table row and column headers.,false,"Low runtime risk: app logic uses metric_key, not label, for reads and updates. Medium operational risk: extract-ingestion-data.mjs regenerates label and reseeding/upsert by metric_key would overwrite manual DB changes."
public.ingestion_data,6bc0ffe4-ad1b-4637-871f-d9c91ae3be3b,taxes_modules_taxes_views_index_123,taxes,"$7,613,600","$7,613,600",Grand Total,modules/taxes/views/index.html,Grand Total,high,Derived from visible table row and column headers.,false,"Low runtime risk: app logic uses metric_key, not label, for reads and updates. Medium operational risk: extract-ingestion-data.mjs regenerates label and reseeding/upsert by metric_key would overwrite manual DB changes."
public.ingestion_data,07d2cea4-5115-45b0-b20d-0bb31d57e180,taxes_modules_taxes_views_index_124,taxes,"$8,947,800","$8,947,800",4% Early Payment Discount,modules/taxes/views/index.html,4% Early Payment Discount,high,Derived from visible table row and column headers.,false,"Low runtime risk: app logic uses metric_key, not label, for reads and updates. Medium operational risk: extract-ingestion-data.mjs regenerates label and reseeding/upsert by metric_key would overwrite manual DB changes."
public.ingestion_data,6863d1ac-2abf-42e4-b512-e7ec11e83f14,taxes_modules_taxes_views_index_125,taxes,"$9,103,200","$9,103,200",4% Early Payment Discount,modules/taxes/views/index.html,4% Early Payment Discount,high,Derived from visible table row and column headers.,false,"Low runtime risk: app logic uses metric_key, not label, for reads and updates. Medium operational risk: extract-ingestion-data.mjs regenerates label and reseeding/upsert by metric_key would overwrite manual DB changes."
public.ingestion_data,71ccf2bd-aab2-4e11-b082-cbc3da56d37e,taxes_modules_taxes_views_index_126,taxes,"$8,958,200","$8,958,200",4% Early Payment Discount,modules/taxes/views/index.html,4% Early Payment Discount,high,Derived from visible table row and column headers.,false,"Low runtime risk: app logic uses metric_key, not label, for reads and updates. Medium operational risk: extract-ingestion-data.mjs regenerates label and reseeding/upsert by metric_key would overwrite manual DB changes."
public.ingestion_data,d33e13e6-0204-4dc9-9661-a46f5c4587f3,taxes_modules_taxes_views_index_127,taxes,"$9,143,000","$9,143,000",Net Payable,modules/taxes/views/index.html,Net Payable,high,Derived from visible table row and column headers.,false,"Low runtime risk: app logic uses metric_key, not label, for reads and updates. Medium operational risk: extract-ingestion-data.mjs regenerates label and reseeding/upsert by metric_key would overwrite manual DB changes."
public.ingestion_data,d7a0f00f-1265-4de0-80a8-8fddd2d69d78,taxes_modules_taxes_views_index_128,taxes,"$8,600,000","$8,600,000",Net Payable,modules/taxes/views/index.html,Net Payable,high,Derived from visible table row and column headers.,false,"Low runtime risk: app logic uses metric_key, not label, for reads and updates. Medium operational risk: extract-ingestion-data.mjs regenerates label and reseeding/upsert by metric_key would overwrite manual DB changes."
public.ingestion_data,6b24c43f-b9ea-4e5e-ae07-26ee032b9359,taxes_modules_taxes_views_index_129,taxes,"$9,151,600","$9,151,600",,modules/taxes/views/index.html,,low,No safe frontend text found automatically.,true,"Low runtime risk: app logic uses metric_key, not label, for reads and updates. Medium operational risk: extract-ingestion-data.mjs regenerates label and reseeding/upsert by metric_key would overwrite manual DB changes. Mapping confidence is not high; manual review recommended."
public.ingestion_data,2c886844-65d1-48cc-b359-865c5177477b,taxes_modules_taxes_views_index_130,taxes,"$7,613,600","$7,613,600",,modules/taxes/views/index.html,,low,No safe frontend text found automatically.,true,"Low runtime risk: app logic uses metric_key, not label, for reads and updates. Medium operational risk: extract-ingestion-data.mjs regenerates label and reseeding/upsert by metric_key would overwrite manual DB changes. Mapping confidence is not high; manual review recommended."
public.ingestion_data,a517f4ac-ce64-4954-ad52-134fcbc7b11d,taxes_modules_taxes_views_index_131,taxes,"$8,947,800","$8,947,800",,modules/taxes/views/index.html,,low,No safe frontend text found automatically.,true,"Low runtime risk: app logic uses metric_key, not label, for reads and updates. Medium operational risk: extract-ingestion-data.mjs regenerates label and reseeding/upsert by metric_key would overwrite manual DB changes. Mapping confidence is not high; manual review recommended."
public.ingestion_data,42ab8dd5-43c5-496c-b5d9-965cd5f7c09a,taxes_modules_taxes_views_index_132,taxes,"$9,103,200","$9,103,200",,modules/taxes/views/index.html,,low,No safe frontend text found automatically.,true,"Low runtime risk: app logic uses metric_key, not label, for reads and updates. Medium operational risk: extract-ingestion-data.mjs regenerates label and reseeding/upsert by metric_key would overwrite manual DB changes. Mapping confidence is not high; manual review recommended."
public.ingestion_data,1e8c1538-6823-4239-ab41-13dfdb898f02,taxes_modules_taxes_views_index_133,taxes,"$8,958,200","$8,958,200",,modules/taxes/views/index.html,,low,No safe frontend text found automatically.,true,"Low runtime risk: app logic uses metric_key, not label, for reads and updates. Medium operational risk: extract-ingestion-data.mjs regenerates label and reseeding/upsert by metric_key would overwrite manual DB changes. Mapping confidence is not high; manual review recommended."
public.ingestion_data,d9aa5fe2-a3c0-4b8d-8ffc-727e66be3276,taxes_modules_taxes_views_index_134,taxes,"$9,143,000","$9,143,000",,modules/taxes/views/index.html,,low,No safe frontend text found automatically.,true,"Low runtime risk: app logic uses metric_key, not label, for reads and updates. Medium operational risk: extract-ingestion-data.mjs regenerates label and reseeding/upsert by metric_key would overwrite manual DB changes. Mapping confidence is not high; manual review recommended."
public.ingestion_data,affca5cc-b233-4c95-bd91-bec81da33c1a,taxes_modules_taxes_views_index_135,taxes,"$8,600,000","$8,600,000",,modules/taxes/views/index.html,,low,No safe frontend text found automatically.,true,"Low runtime risk: app logic uses metric_key, not label, for reads and updates. Medium operational risk: extract-ingestion-data.mjs regenerates label and reseeding/upsert by metric_key would overwrite manual DB changes. Mapping confidence is not high; manual review recommended."
public.ingestion_data,56a5ad24-2eae-4dc8-976f-d475f4910573,taxes_modules_taxes_views_index_136,taxes,"$9,151,600","$9,151,600",,modules/taxes/views/index.html,,low,No safe frontend text found automatically.,true,"Low runtime risk: app logic uses metric_key, not label, for reads and updates. Medium operational risk: extract-ingestion-data.mjs regenerates label and reseeding/upsert by metric_key would overwrite manual DB changes. Mapping confidence is not high; manual review recommended."
public.ingestion_data,9759dcfa-9ab1-450a-bf45-1e2e4da96d35,taxes_modules_taxes_views_index_137,taxes,"$9,103,200","$9,103,200",,modules/taxes/views/index.html,,low,No safe frontend text found automatically.,true,"Low runtime risk: app logic uses metric_key, not label, for reads and updates. Medium operational risk: extract-ingestion-data.mjs regenerates label and reseeding/upsert by metric_key would overwrite manual DB changes. Mapping confidence is not high; manual review recommended."
public.ingestion_data,238c6268-6674-4a84-9296-95ea6c58f175,taxes_modules_taxes_views_index_138,taxes,"$8,958,200","$8,958,200",,modules/taxes/views/index.html,,low,No safe frontend text found automatically.,true,"Low runtime risk: app logic uses metric_key, not label, for reads and updates. Medium operational risk: extract-ingestion-data.mjs regenerates label and reseeding/upsert by metric_key would overwrite manual DB changes. Mapping confidence is not high; manual review recommended."
public.ingestion_data,c639bf5e-7402-430f-b3b7-88d238fe3615,taxes_modules_taxes_views_index_139,taxes,"$9,143,000","$9,143,000",,modules/taxes/views/index.html,,low,No safe frontend text found automatically.,true,"Low runtime risk: app logic uses metric_key, not label, for reads and updates. Medium operational risk: extract-ingestion-data.mjs regenerates label and reseeding/upsert by metric_key would overwrite manual DB changes. Mapping confidence is not high; manual review recommended."
public.ingestion_data,467dbff0-9682-480b-87a7-65d23850d640,taxes_modules_taxes_views_index_140,taxes,"$8,600,000","$8,600,000",,modules/taxes/views/index.html,,low,No safe frontend text found automatically.,true,"Low runtime risk: app logic uses metric_key, not label, for reads and updates. Medium operational risk: extract-ingestion-data.mjs regenerates label and reseeding/upsert by metric_key would overwrite manual DB changes. Mapping confidence is not high; manual review recommended."
public.ingestion_data,91203086-e5de-49fb-8f02-9a40721bc2aa,taxes_modules_taxes_views_index_141,taxes,"$9,151,600","$9,151,600",,modules/taxes/views/index.html,,low,No safe frontend text found automatically.,true,"Low runtime risk: app logic uses metric_key, not label, for reads and updates. Medium operational risk: extract-ingestion-data.mjs regenerates label and reseeding/upsert by metric_key would overwrite manual DB changes. Mapping confidence is not high; manual review recommended."
public.ingestion_data,e5ff468f-9091-4405-a641-6a485cd861d4,taxes_modules_taxes_views_index_142,taxes,"$81,078.33","$81,078.33",,modules/taxes/views/index.html,,low,No safe frontend text found automatically.,true,"Low runtime risk: app logic uses metric_key, not label, for reads and updates. Medium operational risk: extract-ingestion-data.mjs regenerates label and reseeding/upsert by metric_key would overwrite manual DB changes. Mapping confidence is not high; manual review recommended."
public.ingestion_data,72ffef4d-f007-4ea7-8ae4-8b8c3831c536,taxes_modules_taxes_views_index_143,taxes,"$88,211.83","$88,211.83",,modules/taxes/views/index.html,,low,No safe frontend text found automatically.,true,"Low runtime risk: app logic uses metric_key, not label, for reads and updates. Medium operational risk: extract-ingestion-data.mjs regenerates label and reseeding/upsert by metric_key would overwrite manual DB changes. Mapping confidence is not high; manual review recommended."
public.ingestion_data,7b0d616f-1a43-45f8-b896-fd49f25793d8,taxes_modules_taxes_views_index_144,taxes,"$97,033.00","$97,033.00",,modules/taxes/views/index.html,,low,No safe frontend text found automatically.,true,"Low runtime risk: app logic uses metric_key, not label, for reads and updates. Medium operational risk: extract-ingestion-data.mjs regenerates label and reseeding/upsert by metric_key would overwrite manual DB changes. Mapping confidence is not high; manual review recommended."
public.ingestion_data,4e2a0ce2-f6be-419a-9eb4-b0bb8f617a80,taxes_modules_taxes_views_index_145,taxes,"$101,379.05","$101,379.05",,modules/taxes/views/index.html,,low,No safe frontend text found automatically.,true,"Low runtime risk: app logic uses metric_key, not label, for reads and updates. Medium operational risk: extract-ingestion-data.mjs regenerates label and reseeding/upsert by metric_key would overwrite manual DB changes. Mapping confidence is not high; manual review recommended."
public.ingestion_data,0fe77908-3b2d-4d98-9597-f0c4c36a83ab,taxes_modules_taxes_views_index_146,taxes,"$102,327.54","$102,327.54",,modules/taxes/views/index.html,,low,No safe frontend text found automatically.,true,"Low runtime risk: app logic uses metric_key, not label, for reads and updates. Medium operational risk: extract-ingestion-data.mjs regenerates label and reseeding/upsert by metric_key would overwrite manual DB changes. Mapping confidence is not high; manual review recommended."
public.ingestion_data,bbae5d73-482a-4310-8fbe-410402ffc348,taxes_modules_taxes_views_index_147,taxes,"$96,212.84","$96,212.84",,modules/taxes/views/index.html,,low,No safe frontend text found automatically.,true,"Low runtime risk: app logic uses metric_key, not label, for reads and updates. Medium operational risk: extract-ingestion-data.mjs regenerates label and reseeding/upsert by metric_key would overwrite manual DB changes. Mapping confidence is not high; manual review recommended."
public.ingestion_data,b7a85796-ee90-464e-a226-208b6fc61720,taxes_modules_taxes_views_index_148,taxes,"$102,436.78","$102,436.78",,modules/taxes/views/index.html,,low,No safe frontend text found automatically.,true,"Low runtime risk: app logic uses metric_key, not label, for reads and updates. Medium operational risk: extract-ingestion-data.mjs regenerates label and reseeding/upsert by metric_key would overwrite manual DB changes. Mapping confidence is not high; manual review recommended."
public.ingestion_data,544c2a17-8c6c-4a3b-b89b-3c9a40cae122,taxes_modules_taxes_views_index_149,taxes,"$1,551.15","$1,551.15",,modules/taxes/views/index.html,,low,No safe frontend text found automatically.,true,"Low runtime risk: app logic uses metric_key, not label, for reads and updates. Medium operational risk: extract-ingestion-data.mjs regenerates label and reseeding/upsert by metric_key would overwrite manual DB changes. Mapping confidence is not high; manual review recommended."
public.ingestion_data,3327aa9e-0122-4d27-a563-f0ca3878c94f,taxes_modules_taxes_views_index_150,taxes,"$1,538.67","$1,538.67",,modules/taxes/views/index.html,,low,No safe frontend text found automatically.,true,"Low runtime risk: app logic uses metric_key, not label, for reads and updates. Medium operational risk: extract-ingestion-data.mjs regenerates label and reseeding/upsert by metric_key would overwrite manual DB changes. Mapping confidence is not high; manual review recommended."
public.ingestion_data,87b2f5f9-4a65-434e-9fb9-dd89c226a39f,taxes_modules_taxes_views_index_151,taxes,"$1,537.35","$1,537.35",,modules/taxes/views/index.html,,low,No safe frontend text found automatically.,true,"Low runtime risk: app logic uses metric_key, not label, for reads and updates. Medium operational risk: extract-ingestion-data.mjs regenerates label and reseeding/upsert by metric_key would overwrite manual DB changes. Mapping confidence is not high; manual review recommended."
public.ingestion_data,2e8315fa-5532-4407-8139-577f9629552f,taxes_modules_taxes_views_index_152,taxes,"$1,606.21","$1,606.21",,modules/taxes/views/index.html,,low,No safe frontend text found automatically.,true,"Low runtime risk: app logic uses metric_key, not label, for reads and updates. Medium operational risk: extract-ingestion-data.mjs regenerates label and reseeding/upsert by metric_key would overwrite manual DB changes. Mapping confidence is not high; manual review recommended."
public.ingestion_data,7024aa43-544b-4f76-9e88-0a576bc8dcf4,taxes_modules_taxes_views_index_153,taxes,"$1,639.34","$1,639.34",,modules/taxes/views/index.html,,low,No safe frontend text found automatically.,true,"Low runtime risk: app logic uses metric_key, not label, for reads and updates. Medium operational risk: extract-ingestion-data.mjs regenerates label and reseeding/upsert by metric_key would overwrite manual DB changes. Mapping confidence is not high; manual review recommended."
public.ingestion_data,2ac5cf3f-dd92-4bbc-8f6a-977165943e1c,taxes_modules_taxes_views_index_154,taxes,"$1,542.08","$1,542.08",,modules/taxes/views/index.html,,low,No safe frontend text found automatically.,true,"Low runtime risk: app logic uses metric_key, not label, for reads and updates. Medium operational risk: extract-ingestion-data.mjs regenerates label and reseeding/upsert by metric_key would overwrite manual DB changes. Mapping confidence is not high; manual review recommended."
public.ingestion_data,df44895b-59db-4ad0-aa02-b34576483db9,taxes_modules_taxes_views_index_155,taxes,"$1,640.86","$1,640.86",,modules/taxes/views/index.html,,low,No safe frontend text found automatically.,true,"Low runtime risk: app logic uses metric_key, not label, for reads and updates. Medium operational risk: extract-ingestion-data.mjs regenerates label and reseeding/upsert by metric_key would overwrite manual DB changes. Mapping confidence is not high; manual review recommended."
public.ingestion_data,7ec7562c-9a62-498a-b6e5-998dc51ec8c9,taxes_modules_taxes_views_index_156,taxes,$226.75,$226.75,,modules/taxes/views/index.html,,low,No safe frontend text found automatically.,true,"Low runtime risk: app logic uses metric_key, not label, for reads and updates. Medium operational risk: extract-ingestion-data.mjs regenerates label and reseeding/upsert by metric_key would overwrite manual DB changes. Mapping confidence is not high; manual review recommended."
public.ingestion_data,43941ede-dce5-480a-b994-f04263528cdf,taxes_modules_taxes_views_index_157,taxes,$249.43,$249.43,,modules/taxes/views/index.html,,low,No safe frontend text found automatically.,true,"Low runtime risk: app logic uses metric_key, not label, for reads and updates. Medium operational risk: extract-ingestion-data.mjs regenerates label and reseeding/upsert by metric_key would overwrite manual DB changes. Mapping confidence is not high; manual review recommended."
public.ingestion_data,11a1eb4a-a832-4ab8-9b8f-23b3753f6d21,taxes_modules_taxes_views_index_158,taxes,$246.94,$246.94,,modules/taxes/views/index.html,,low,No safe frontend text found automatically.,true,"Low runtime risk: app logic uses metric_key, not label, for reads and updates. Medium operational risk: extract-ingestion-data.mjs regenerates label and reseeding/upsert by metric_key would overwrite manual DB changes. Mapping confidence is not high; manual review recommended."
public.ingestion_data,a5e86260-eb99-47c0-920e-351bcecb67d6,taxes_modules_taxes_views_index_159,taxes,$258.00,$258.00,,modules/taxes/views/index.html,,low,No safe frontend text found automatically.,true,"Low runtime risk: app logic uses metric_key, not label, for reads and updates. Medium operational risk: extract-ingestion-data.mjs regenerates label and reseeding/upsert by metric_key would overwrite manual DB changes. Mapping confidence is not high; manual review recommended."
public.ingestion_data,3e1bf70b-b56a-470a-bf16-0e46eb5253ae,taxes_modules_taxes_views_index_160,taxes,$246.86,$246.86,,modules/taxes/views/index.html,,low,No safe frontend text found automatically.,true,"Low runtime risk: app logic uses metric_key, not label, for reads and updates. Medium operational risk: extract-ingestion-data.mjs regenerates label and reseeding/upsert by metric_key would overwrite manual DB changes. Mapping confidence is not high; manual review recommended."
public.ingestion_data,6014f826-4ed9-4235-9b04-6fb0eca946d1,taxes_modules_taxes_views_index_161,taxes,$232.20,$232.20,,modules/taxes/views/index.html,,low,No safe frontend text found automatically.,true,"Low runtime risk: app logic uses metric_key, not label, for reads and updates. Medium operational risk: extract-ingestion-data.mjs regenerates label and reseeding/upsert by metric_key would overwrite manual DB changes. Mapping confidence is not high; manual review recommended."
public.ingestion_data,1381aee5-c34f-4e0d-b1ca-794903b41c5b,taxes_modules_taxes_views_index_162,taxes,$247.09,$247.09,,modules/taxes/views/index.html,,low,No safe frontend text found automatically.,true,"Low runtime risk: app logic uses metric_key, not label, for reads and updates. Medium operational risk: extract-ingestion-data.mjs regenerates label and reseeding/upsert by metric_key would overwrite manual DB changes. Mapping confidence is not high; manual review recommended."
public.ingestion_data,191f85ed-172e-449c-94f7-5fb0566f5a41,taxes_modules_taxes_views_index_163,taxes,"$5,694.97","$5,694.97",,modules/taxes/views/index.html,,low,No safe frontend text found automatically.,true,"Low runtime risk: app logic uses metric_key, not label, for reads and updates. Medium operational risk: extract-ingestion-data.mjs regenerates label and reseeding/upsert by metric_key would overwrite manual DB changes. Mapping confidence is not high; manual review recommended."
public.ingestion_data,c6f40570-1877-41cc-9cff-b28b707bad17,taxes_modules_taxes_views_index_164,taxes,"$6,692.95","$6,692.95",,modules/taxes/views/index.html,,low,No safe frontend text found automatically.,true,"Low runtime risk: app logic uses metric_key, not label, for reads and updates. Medium operational risk: extract-ingestion-data.mjs regenerates label and reseeding/upsert by metric_key would overwrite manual DB changes. Mapping confidence is not high; manual review recommended."
public.ingestion_data,c20c5894-e9f3-423b-927f-de32599cc6de,taxes_modules_taxes_views_index_165,taxes,"$6,809.19","$6,809.19",,modules/taxes/views/index.html,,low,No safe frontend text found automatically.,true,"Low runtime risk: app logic uses metric_key, not label, for reads and updates. Medium operational risk: extract-ingestion-data.mjs regenerates label and reseeding/upsert by metric_key would overwrite manual DB changes. Mapping confidence is not high; manual review recommended."
public.ingestion_data,62d2253d-132f-4292-8ba9-af058537c595,taxes_modules_taxes_views_index_166,taxes,"$6,700.73","$6,700.73",,modules/taxes/views/index.html,,low,No safe frontend text found automatically.,true,"Low runtime risk: app logic uses metric_key, not label, for reads and updates. Medium operational risk: extract-ingestion-data.mjs regenerates label and reseeding/upsert by metric_key would overwrite manual DB changes. Mapping confidence is not high; manual review recommended."
public.ingestion_data,0a3e366e-357b-4bc0-aac1-03213b2e3da2,taxes_modules_taxes_views_index_167,taxes,"$6,838.96","$6,838.96",,modules/taxes/views/index.html,,low,No safe frontend text found automatically.,true,"Low runtime risk: app logic uses metric_key, not label, for reads and updates. Medium operational risk: extract-ingestion-data.mjs regenerates label and reseeding/upsert by metric_key would overwrite manual DB changes. Mapping confidence is not high; manual review recommended."
public.ingestion_data,9a1e7908-bcb0-415d-baed-6a68d56bff3a,taxes_modules_taxes_views_index_168,taxes,"$6,432.80","$6,432.80",,modules/taxes/views/index.html,,low,No safe frontend text found automatically.,true,"Low runtime risk: app logic uses metric_key, not label, for reads and updates. Medium operational risk: extract-ingestion-data.mjs regenerates label and reseeding/upsert by metric_key would overwrite manual DB changes. Mapping confidence is not high; manual review recommended."
public.ingestion_data,e8eae6ea-310f-4280-8435-eac094dfa0ef,taxes_modules_taxes_views_index_169,taxes,"$6,845.44","$6,845.44",,modules/taxes/views/index.html,,low,No safe frontend text found automatically.,true,"Low runtime risk: app logic uses metric_key, not label, for reads and updates. Medium operational risk: extract-ingestion-data.mjs regenerates label and reseeding/upsert by metric_key would overwrite manual DB changes. Mapping confidence is not high; manual review recommended."
public.ingestion_data,247c3cf3-53ef-48ac-b3f7-e1626c4de952,taxes_modules_taxes_views_index_170,taxes,"$11,420.40","$11,420.40",,modules/taxes/views/index.html,,low,No safe frontend text found automatically.,true,"Low runtime risk: app logic uses metric_key, not label, for reads and updates. Medium operational risk: extract-ingestion-data.mjs regenerates label and reseeding/upsert by metric_key would overwrite manual DB changes. Mapping confidence is not high; manual review recommended."
public.ingestion_data,363c27ec-a1c6-4613-95c2-2282897e0b98,taxes_modules_taxes_views_index_171,taxes,"$13,421.70","$13,421.70",,modules/taxes/views/index.html,,low,No safe frontend text found automatically.,true,"Low runtime risk: app logic uses metric_key, not label, for reads and updates. Medium operational risk: extract-ingestion-data.mjs regenerates label and reseeding/upsert by metric_key would overwrite manual DB changes. Mapping confidence is not high; manual review recommended."
public.ingestion_data,1522ca22-3582-4f90-88c8-51b4c9f93e2a,taxes_modules_taxes_views_index_172,taxes,"$13,654.80","$13,654.80",,modules/taxes/views/index.html,,low,No safe frontend text found automatically.,true,"Low runtime risk: app logic uses metric_key, not label, for reads and updates. Medium operational risk: extract-ingestion-data.mjs regenerates label and reseeding/upsert by metric_key would overwrite manual DB changes. Mapping confidence is not high; manual review recommended."
public.ingestion_data,295f4129-c3ca-4941-9a2a-ef2d55678a44,taxes_modules_taxes_views_index_173,taxes,"$13,437.30","$13,437.30",,modules/taxes/views/index.html,,low,No safe frontend text found automatically.,true,"Low runtime risk: app logic uses metric_key, not label, for reads and updates. Medium operational risk: extract-ingestion-data.mjs regenerates label and reseeding/upsert by metric_key would overwrite manual DB changes. Mapping confidence is not high; manual review recommended."
public.ingestion_data,e9cce064-2648-49ec-8298-3f16feeaf179,taxes_modules_taxes_views_index_174,taxes,"$13,714.50","$13,714.50",,modules/taxes/views/index.html,,low,No safe frontend text found automatically.,true,"Low runtime risk: app logic uses metric_key, not label, for reads and updates. Medium operational risk: extract-ingestion-data.mjs regenerates label and reseeding/upsert by metric_key would overwrite manual DB changes. Mapping confidence is not high; manual review recommended."
public.ingestion_data,ca8b8dd9-b72f-4a1a-a7b0-431d70c4252d,taxes_modules_taxes_views_index_175,taxes,"$12,900.00","$12,900.00",,modules/taxes/views/index.html,,low,No safe frontend text found automatically.,true,"Low runtime risk: app logic uses metric_key, not label, for reads and updates. Medium operational risk: extract-ingestion-data.mjs regenerates label and reseeding/upsert by metric_key would overwrite manual DB changes. Mapping confidence is not high; manual review recommended."
public.ingestion_data,6c7e9f92-1473-4c9c-87be-c0cac75b13c1,taxes_modules_taxes_views_index_176,taxes,"$13,727.40","$13,727.40",,modules/taxes/views/index.html,,low,No safe frontend text found automatically.,true,"Low runtime risk: app logic uses metric_key, not label, for reads and updates. Medium operational risk: extract-ingestion-data.mjs regenerates label and reseeding/upsert by metric_key would overwrite manual DB changes. Mapping confidence is not high; manual review recommended."
public.ingestion_data,5eb3bf71-46c3-4017-9540-1dc66a543f62,taxes_modules_taxes_views_index_177,taxes,"$27,104.42","$27,104.42",,modules/taxes/views/index.html,,low,No safe frontend text found automatically.,true,"Low runtime risk: app logic uses metric_key, not label, for reads and updates. Medium operational risk: extract-ingestion-data.mjs regenerates label and reseeding/upsert by metric_key would overwrite manual DB changes. Mapping confidence is not high; manual review recommended."
public.ingestion_data,06cee5c2-e30a-401e-9b63-245d53fb4d06,taxes_modules_taxes_views_index_178,taxes,"$28,955.08","$28,955.08",,modules/taxes/views/index.html,,low,No safe frontend text found automatically.,true,"Low runtime risk: app logic uses metric_key, not label, for reads and updates. Medium operational risk: extract-ingestion-data.mjs regenerates label and reseeding/upsert by metric_key would overwrite manual DB changes. Mapping confidence is not high; manual review recommended."
public.ingestion_data,d3825c33-672c-4c1d-b76f-5b0d5390133c,taxes_modules_taxes_views_index_179,taxes,"$28,975.49","$28,975.49",,modules/taxes/views/index.html,,low,No safe frontend text found automatically.,true,"Low runtime risk: app logic uses metric_key, not label, for reads and updates. Medium operational risk: extract-ingestion-data.mjs regenerates label and reseeding/upsert by metric_key would overwrite manual DB changes. Mapping confidence is not high; manual review recommended."
public.ingestion_data,ed3133db-c5d8-4f9d-b478-354f532c0f25,taxes_modules_taxes_views_index_180,taxes,"$27,698.75","$27,698.75",,modules/taxes/views/index.html,,low,No safe frontend text found automatically.,true,"Low runtime risk: app logic uses metric_key, not label, for reads and updates. Medium operational risk: extract-ingestion-data.mjs regenerates label and reseeding/upsert by metric_key would overwrite manual DB changes. Mapping confidence is not high; manual review recommended."
public.ingestion_data,5a8c850f-681a-41b6-8501-8828ba8e6709,taxes_modules_taxes_views_index_181,taxes,"$28,297.59","$28,297.59",,modules/taxes/views/index.html,,low,No safe frontend text found automatically.,true,"Low runtime risk: app logic uses metric_key, not label, for reads and updates. Medium operational risk: extract-ingestion-data.mjs regenerates label and reseeding/upsert by metric_key would overwrite manual DB changes. Mapping confidence is not high; manual review recommended."
public.ingestion_data,ba821a21-7eb3-4bb0-8376-7524fef03d15,taxes_modules_taxes_views_index_182,taxes,"$26,607.00","$26,607.00",,modules/taxes/views/index.html,,low,No safe frontend text found automatically.,true,"Low runtime risk: app logic uses metric_key, not label, for reads and updates. Medium operational risk: extract-ingestion-data.mjs regenerates label and reseeding/upsert by metric_key would overwrite manual DB changes. Mapping confidence is not high; manual review recommended."
public.ingestion_data,98e12147-1fc4-4f55-a374-b0e65620afed,taxes_modules_taxes_views_index_183,taxes,"$28,324.30","$28,324.30",,modules/taxes/views/index.html,,low,No safe frontend text found automatically.,true,"Low runtime risk: app logic uses metric_key, not label, for reads and updates. Medium operational risk: extract-ingestion-data.mjs regenerates label and reseeding/upsert by metric_key would overwrite manual DB changes. Mapping confidence is not high; manual review recommended."
public.ingestion_data,5852c6e0-fb38-4472-8f74-55a035df41a4,taxes_modules_taxes_views_index_184,taxes,"$9,103.20","$9,103.20",,modules/taxes/views/index.html,,low,No safe frontend text found automatically.,true,"Low runtime risk: app logic uses metric_key, not label, for reads and updates. Medium operational risk: extract-ingestion-data.mjs regenerates label and reseeding/upsert by metric_key would overwrite manual DB changes. Mapping confidence is not high; manual review recommended."
public.ingestion_data,7b12aa4f-ab17-4699-8412-36860d1395f9,taxes_modules_taxes_views_index_185,taxes,"$8,958.20","$8,958.20",,modules/taxes/views/index.html,,low,No safe frontend text found automatically.,true,"Low runtime risk: app logic uses metric_key, not label, for reads and updates. Medium operational risk: extract-ingestion-data.mjs regenerates label and reseeding/upsert by metric_key would overwrite manual DB changes. Mapping confidence is not high; manual review recommended."
public.ingestion_data,923e6571-0983-458e-bc59-b7086e2cd528,taxes_modules_taxes_views_index_186,taxes,"$9,143.00","$9,143.00",,modules/taxes/views/index.html,,low,No safe frontend text found automatically.,true,"Low runtime risk: app logic uses metric_key, not label, for reads and updates. Medium operational risk: extract-ingestion-data.mjs regenerates label and reseeding/upsert by metric_key would overwrite manual DB changes. Mapping confidence is not high; manual review recommended."
public.ingestion_data,7a547796-d221-4127-b185-6f896a7dd64a,taxes_modules_taxes_views_index_187,taxes,"$8,600.00","$8,600.00",,modules/taxes/views/index.html,,low,No safe frontend text found automatically.,true,"Low runtime risk: app logic uses metric_key, not label, for reads and updates. Medium operational risk: extract-ingestion-data.mjs regenerates label and reseeding/upsert by metric_key would overwrite manual DB changes. Mapping confidence is not high; manual review recommended."
public.ingestion_data,0aef19e2-0e9a-4ec6-a1e2-e0ca477c01fc,taxes_modules_taxes_views_index_188,taxes,"$9,151.60","$9,151.60",,modules/taxes/views/index.html,,low,No safe frontend text found automatically.,true,"Low runtime risk: app logic uses metric_key, not label, for reads and updates. Medium operational risk: extract-ingestion-data.mjs regenerates label and reseeding/upsert by metric_key would overwrite manual DB changes. Mapping confidence is not high; manual review recommended."
public.ingestion_data,fc1453f9-bcd2-46ca-98a2-0927b6f56a72,taxes_modules_taxes_views_index_189,taxes,"$127,076.02","$127,076.02",,modules/taxes/views/index.html,,low,No safe frontend text found automatically.,true,"Low runtime risk: app logic uses metric_key, not label, for reads and updates. Medium operational risk: extract-ingestion-data.mjs regenerates label and reseeding/upsert by metric_key would overwrite manual DB changes. Mapping confidence is not high; manual review recommended."
public.ingestion_data,58d23147-95cb-4208-8af5-71e205a65557,taxes_modules_taxes_views_index_190,taxes,"$139,069.66","$139,069.66",,modules/taxes/views/index.html,,low,No safe frontend text found automatically.,true,"Low runtime risk: app logic uses metric_key, not label, for reads and updates. Medium operational risk: extract-ingestion-data.mjs regenerates label and reseeding/upsert by metric_key would overwrite manual DB changes. Mapping confidence is not high; manual review recommended."
public.ingestion_data,41556b29-3c98-493f-90b5-0b020dbbb3c4,taxes_modules_taxes_views_index_191,taxes,"$157,359.97","$157,359.97",,modules/taxes/views/index.html,,low,No safe frontend text found automatically.,true,"Low runtime risk: app logic uses metric_key, not label, for reads and updates. Medium operational risk: extract-ingestion-data.mjs regenerates label and reseeding/upsert by metric_key would overwrite manual DB changes. Mapping confidence is not high; manual review recommended."
public.ingestion_data,88642d62-eba2-491c-ad4b-f9141ec482ca,taxes_modules_taxes_views_index_192,taxes,"$160,038.24","$160,038.24",,modules/taxes/views/index.html,,low,No safe frontend text found automatically.,true,"Low runtime risk: app logic uses metric_key, not label, for reads and updates. Medium operational risk: extract-ingestion-data.mjs regenerates label and reseeding/upsert by metric_key would overwrite manual DB changes. Mapping confidence is not high; manual review recommended."
public.ingestion_data,c82e3efd-8eca-42ee-a767-492d41c3bd50,taxes_modules_taxes_views_index_193,taxes,"$162,207.79","$162,207.79",,modules/taxes/views/index.html,,low,No safe frontend text found automatically.,true,"Low runtime risk: app logic uses metric_key, not label, for reads and updates. Medium operational risk: extract-ingestion-data.mjs regenerates label and reseeding/upsert by metric_key would overwrite manual DB changes. Mapping confidence is not high; manual review recommended."
public.ingestion_data,22657fbc-9db9-431d-abb0-24a3cd88fa5e,taxes_modules_taxes_views_index_194,taxes,"$152,574.32","$152,574.32",,modules/taxes/views/index.html,,low,No safe frontend text found automatically.,true,"Low runtime risk: app logic uses metric_key, not label, for reads and updates. Medium operational risk: extract-ingestion-data.mjs regenerates label and reseeding/upsert by metric_key would overwrite manual DB changes. Mapping confidence is not high; manual review recommended."
public.ingestion_data,a3595f53-a875-465d-a4fb-412902547f4b,taxes_modules_taxes_views_index_195,taxes,"$162,373.47","$162,373.47",,modules/taxes/views/index.html,,low,No safe frontend text found automatically.,true,"Low runtime risk: app logic uses metric_key, not label, for reads and updates. Medium operational risk: extract-ingestion-data.mjs regenerates label and reseeding/upsert by metric_key would overwrite manual DB changes. Mapping confidence is not high; manual review recommended."
public.ingestion_data,31cd0577-e0fb-4fde-ac5c-c4afaa6c946c,taxes_modules_taxes_views_index_196,taxes,$0.00,$0.00,,modules/taxes/views/index.html,,low,No safe frontend text found automatically.,true,"Low runtime risk: app logic uses metric_key, not label, for reads and updates. Medium operational risk: extract-ingestion-data.mjs regenerates label and reseeding/upsert by metric_key would overwrite manual DB changes. Mapping confidence is not high; manual review recommended."
public.ingestion_data,6fded71d-6ebe-4308-8958-ded407a67cf1,taxes_modules_taxes_views_index_197,taxes,$0.00,$0.00,,modules/taxes/views/index.html,,low,No safe frontend text found automatically.,true,"Low runtime risk: app logic uses metric_key, not label, for reads and updates. Medium operational risk: extract-ingestion-data.mjs regenerates label and reseeding/upsert by metric_key would overwrite manual DB changes. Mapping confidence is not high; manual review recommended."
public.ingestion_data,cb10e2a1-3071-4bee-839c-103a61978ea5,taxes_modules_taxes_views_index_198,taxes,$0.00,$0.00,,modules/taxes/views/index.html,,low,No safe frontend text found automatically.,true,"Low runtime risk: app logic uses metric_key, not label, for reads and updates. Medium operational risk: extract-ingestion-data.mjs regenerates label and reseeding/upsert by metric_key would overwrite manual DB changes. Mapping confidence is not high; manual review recommended."
public.ingestion_data,2edbadda-2b9a-4088-bf26-145a2e902644,taxes_modules_taxes_views_index_199,taxes,$0.00,$0.00,,modules/taxes/views/index.html,,low,No safe frontend text found automatically.,true,"Low runtime risk: app logic uses metric_key, not label, for reads and updates. Medium operational risk: extract-ingestion-data.mjs regenerates label and reseeding/upsert by metric_key would overwrite manual DB changes. Mapping confidence is not high; manual review recommended."
public.ingestion_data,71e50c57-bfd9-4ca8-b3b0-0dc91a5d043a,taxes_modules_taxes_views_index_200,taxes,$0.00,$0.00,,modules/taxes/views/index.html,,low,No safe frontend text found automatically.,true,"Low runtime risk: app logic uses metric_key, not label, for reads and updates. Medium operational risk: extract-ingestion-data.mjs regenerates label and reseeding/upsert by metric_key would overwrite manual DB changes. Mapping confidence is not high; manual review recommended."
public.ingestion_data,280ce633-aba7-4030-b82c-159e8f2b03dc,taxes_modules_taxes_views_index_201,taxes,$0.00,$0.00,,modules/taxes/views/index.html,,low,No safe frontend text found automatically.,true,"Low runtime risk: app logic uses metric_key, not label, for reads and updates. Medium operational risk: extract-ingestion-data.mjs regenerates label and reseeding/upsert by metric_key would overwrite manual DB changes. Mapping confidence is not high; manual review recommended."
public.ingestion_data,eb0ceba2-dce4-4a07-b823-508e164017ad,taxes_modules_taxes_views_index_202,taxes,$0.00,$0.00,,modules/taxes/views/index.html,,low,No safe frontend text found automatically.,true,"Low runtime risk: app logic uses metric_key, not label, for reads and updates. Medium operational risk: extract-ingestion-data.mjs regenerates label and reseeding/upsert by metric_key would overwrite manual DB changes. Mapping confidence is not high; manual review recommended."
public.ingestion_data,aab6de32-e252-401d-aafb-924bece36473,taxes_modules_taxes_views_index_203,taxes,"$3,379.20","$3,379.20",,modules/taxes/views/index.html,,low,No safe frontend text found automatically.,true,"Low runtime risk: app logic uses metric_key, not label, for reads and updates. Medium operational risk: extract-ingestion-data.mjs regenerates label and reseeding/upsert by metric_key would overwrite manual DB changes. Mapping confidence is not high; manual review recommended."
public.ingestion_data,43a9690f-9991-41eb-93d1-d919266468c8,taxes_modules_taxes_views_index_204,taxes,"$3,379.20","$3,379.20",,modules/taxes/views/index.html,,low,No safe frontend text found automatically.,true,"Low runtime risk: app logic uses metric_key, not label, for reads and updates. Medium operational risk: extract-ingestion-data.mjs regenerates label and reseeding/upsert by metric_key would overwrite manual DB changes. Mapping confidence is not high; manual review recommended."
public.ingestion_data,c845e73d-6b16-4ec2-bbc6-c8078698f4f9,taxes_modules_taxes_views_index_205,taxes,"$3,379.20","$3,379.20",,modules/taxes/views/index.html,,low,No safe frontend text found automatically.,true,"Low runtime risk: app logic uses metric_key, not label, for reads and updates. Medium operational risk: extract-ingestion-data.mjs regenerates label and reseeding/upsert by metric_key would overwrite manual DB changes. Mapping confidence is not high; manual review recommended."
public.ingestion_data,3bfb3cc9-b98d-4952-9a84-ac1f6fde2474,taxes_modules_taxes_views_index_206,taxes,"$3,379.20","$3,379.20",,modules/taxes/views/index.html,,low,No safe frontend text found automatically.,true,"Low runtime risk: app logic uses metric_key, not label, for reads and updates. Medium operational risk: extract-ingestion-data.mjs regenerates label and reseeding/upsert by metric_key would overwrite manual DB changes. Mapping confidence is not high; manual review recommended."
public.ingestion_data,e022c513-ee91-4937-98de-0e1b44d71a8a,taxes_modules_taxes_views_index_207,taxes,"$3,379.20","$3,379.20",,modules/taxes/views/index.html,,low,No safe frontend text found automatically.,true,"Low runtime risk: app logic uses metric_key, not label, for reads and updates. Medium operational risk: extract-ingestion-data.mjs regenerates label and reseeding/upsert by metric_key would overwrite manual DB changes. Mapping confidence is not high; manual review recommended."
public.ingestion_data,da7cad47-0323-4d64-add7-b9b64d20c12e,taxes_modules_taxes_views_index_208,taxes,"$3,379.20","$3,379.20",,modules/taxes/views/index.html,,low,No safe frontend text found automatically.,true,"Low runtime risk: app logic uses metric_key, not label, for reads and updates. Medium operational risk: extract-ingestion-data.mjs regenerates label and reseeding/upsert by metric_key would overwrite manual DB changes. Mapping confidence is not high; manual review recommended."
public.ingestion_data,1bc86212-eb8f-4c7a-8559-2c05082de133,taxes_modules_taxes_views_index_209,taxes,"$3,379.20","$3,379.20",,modules/taxes/views/index.html,,low,No safe frontend text found automatically.,true,"Low runtime risk: app logic uses metric_key, not label, for reads and updates. Medium operational risk: extract-ingestion-data.mjs regenerates label and reseeding/upsert by metric_key would overwrite manual DB changes. Mapping confidence is not high; manual review recommended."
public.ingestion_data,8473577c-e0aa-4254-8e57-543f6cea6387,taxes_modules_taxes_views_index_210,taxes,"$3,379.20","$3,379.20",,modules/taxes/views/index.html,,low,No safe frontend text found automatically.,true,"Low runtime risk: app logic uses metric_key, not label, for reads and updates. Medium operational risk: extract-ingestion-data.mjs regenerates label and reseeding/upsert by metric_key would overwrite manual DB changes. Mapping confidence is not high; manual review recommended."
public.ingestion_data,e8e16323-0493-4e5e-af48-d22962e954c9,taxes_modules_taxes_views_index_211,taxes,"$3,379.20","$3,379.20",,modules/taxes/views/index.html,,low,No safe frontend text found automatically.,true,"Low runtime risk: app logic uses metric_key, not label, for reads and updates. Medium operational risk: extract-ingestion-data.mjs regenerates label and reseeding/upsert by metric_key would overwrite manual DB changes. Mapping confidence is not high; manual review recommended."
public.ingestion_data,e1aa3780-3de9-4fe5-b24a-e7e69bc99060,taxes_modules_taxes_views_index_212,taxes,"$3,379.20","$3,379.20",,modules/taxes/views/index.html,,low,No safe frontend text found automatically.,true,"Low runtime risk: app logic uses metric_key, not label, for reads and updates. Medium operational risk: extract-ingestion-data.mjs regenerates label and reseeding/upsert by metric_key would overwrite manual DB changes. Mapping confidence is not high; manual review recommended."
public.ingestion_data,bc153a33-9a13-4944-81c6-f89007934dfa,taxes_modules_taxes_views_index_213,taxes,"$3,379.20","$3,379.20",,modules/taxes/views/index.html,,low,No safe frontend text found automatically.,true,"Low runtime risk: app logic uses metric_key, not label, for reads and updates. Medium operational risk: extract-ingestion-data.mjs regenerates label and reseeding/upsert by metric_key would overwrite manual DB changes. Mapping confidence is not high; manual review recommended."
public.ingestion_data,2ccf43f8-12e6-49c7-888c-9c93eb42034e,taxes_modules_taxes_views_index_214,taxes,"$3,379.20","$3,379.20",,modules/taxes/views/index.html,,low,No safe frontend text found automatically.,true,"Low runtime risk: app logic uses metric_key, not label, for reads and updates. Medium operational risk: extract-ingestion-data.mjs regenerates label and reseeding/upsert by metric_key would overwrite manual DB changes. Mapping confidence is not high; manual review recommended."
public.ingestion_data,c5c3908a-f0de-446b-81d1-4f3b65e90fad,taxes_modules_taxes_views_index_215,taxes,"$3,379.20","$3,379.20",,modules/taxes/views/index.html,,low,No safe frontend text found automatically.,true,"Low runtime risk: app logic uses metric_key, not label, for reads and updates. Medium operational risk: extract-ingestion-data.mjs regenerates label and reseeding/upsert by metric_key would overwrite manual DB changes. Mapping confidence is not high; manual review recommended."
public.ingestion_data,83799408-b7cc-44c7-b564-5988e5daca53,taxes_modules_taxes_views_index_216,taxes,"$3,379.20","$3,379.20",,modules/taxes/views/index.html,,low,No safe frontend text found automatically.,true,"Low runtime risk: app logic uses metric_key, not label, for reads and updates. Medium operational risk: extract-ingestion-data.mjs regenerates label and reseeding/upsert by metric_key would overwrite manual DB changes. Mapping confidence is not high; manual review recommended."
public.ingestion_data,fdbc4002-e046-45e5-a9c5-880d0732c549,taxes_modules_taxes_views_index_217,taxes,"$130,455.22","$130,455.22",,modules/taxes/views/index.html,,low,No safe frontend text found automatically.,true,"Low runtime risk: app logic uses metric_key, not label, for reads and updates. Medium operational risk: extract-ingestion-data.mjs regenerates label and reseeding/upsert by metric_key would overwrite manual DB changes. Mapping confidence is not high; manual review recommended."
public.ingestion_data,2be0276a-31c9-43ce-9a7c-29b6155f173a,taxes_modules_taxes_views_index_218,taxes,"$142,448.86","$142,448.86",,modules/taxes/views/index.html,,low,No safe frontend text found automatically.,true,"Low runtime risk: app logic uses metric_key, not label, for reads and updates. Medium operational risk: extract-ingestion-data.mjs regenerates label and reseeding/upsert by metric_key would overwrite manual DB changes. Mapping confidence is not high; manual review recommended."
public.ingestion_data,d371a5c0-21e7-490e-83c1-c2de69509911,taxes_modules_taxes_views_index_219,taxes,"$160,739.17","$160,739.17",,modules/taxes/views/index.html,,low,No safe frontend text found automatically.,true,"Low runtime risk: app logic uses metric_key, not label, for reads and updates. Medium operational risk: extract-ingestion-data.mjs regenerates label and reseeding/upsert by metric_key would overwrite manual DB changes. Mapping confidence is not high; manual review recommended."
public.ingestion_data,c2138513-c55d-4ae3-b017-b8aab85dfbfc,taxes_modules_taxes_views_index_220,taxes,"$163,417.44","$163,417.44",,modules/taxes/views/index.html,,low,No safe frontend text found automatically.,true,"Low runtime risk: app logic uses metric_key, not label, for reads and updates. Medium operational risk: extract-ingestion-data.mjs regenerates label and reseeding/upsert by metric_key would overwrite manual DB changes. Mapping confidence is not high; manual review recommended."
public.ingestion_data,85183bfd-6a55-4c78-8806-60a546ec32c7,taxes_modules_taxes_views_index_221,taxes,"$165,586.99","$165,586.99",,modules/taxes/views/index.html,,low,No safe frontend text found automatically.,true,"Low runtime risk: app logic uses metric_key, not label, for reads and updates. Medium operational risk: extract-ingestion-data.mjs regenerates label and reseeding/upsert by metric_key would overwrite manual DB changes. Mapping confidence is not high; manual review recommended."
public.ingestion_data,8b000101-d08e-41cc-a031-5f07a46b210a,taxes_modules_taxes_views_index_222,taxes,"$155,953.52","$155,953.52",,modules/taxes/views/index.html,,low,No safe frontend text found automatically.,true,"Low runtime risk: app logic uses metric_key, not label, for reads and updates. Medium operational risk: extract-ingestion-data.mjs regenerates label and reseeding/upsert by metric_key would overwrite manual DB changes. Mapping confidence is not high; manual review recommended."
public.ingestion_data,02707430-cc94-4a36-96a4-cfd59ebca502,taxes_modules_taxes_views_index_223,taxes,"$165,752.67","$165,752.67",,modules/taxes/views/index.html,,low,No safe frontend text found automatically.,true,"Low runtime risk: app logic uses metric_key, not label, for reads and updates. Medium operational risk: extract-ingestion-data.mjs regenerates label and reseeding/upsert by metric_key would overwrite manual DB changes. Mapping confidence is not high; manual review recommended."
public.ingestion_data,5bdc532c-2541-467c-9c49-ad5a2b7f080d,taxes_modules_taxes_views_index_224,taxes,4%,4%,,modules/taxes/views/index.html,,low,No safe frontend text found automatically.,true,"Low runtime risk: app logic uses metric_key, not label, for reads and updates. Medium operational risk: extract-ingestion-data.mjs regenerates label and reseeding/upsert by metric_key would overwrite manual DB changes. Mapping confidence is not high; manual review recommended."
public.ingestion_data,026bd0f2-ebd2-4222-a680-418ac2864b14,taxes_modules_taxes_views_index_225,taxes,"$6,629.58","$6,629.58",,modules/taxes/views/index.html,,low,No safe frontend text found automatically.,true,"Low runtime risk: app logic uses metric_key, not label, for reads and updates. Medium operational risk: extract-ingestion-data.mjs regenerates label and reseeding/upsert by metric_key would overwrite manual DB changes. Mapping confidence is not high; manual review recommended."
public.ingestion_data,3ac29f78-5b22-4e03-a375-48e6e9a38fc7,taxes_modules_taxes_views_index_226,taxes,4%,4%,,modules/taxes/views/index.html,,low,No safe frontend text found automatically.,true,"Low runtime risk: app logic uses metric_key, not label, for reads and updates. Medium operational risk: extract-ingestion-data.mjs regenerates label and reseeding/upsert by metric_key would overwrite manual DB changes. Mapping confidence is not high; manual review recommended."
public.ingestion_data,067fb284-5f0b-43aa-93a7-33b4acf00afa,taxes_modules_taxes_views_index_227,taxes,"$158,963.51","$158,963.51",,modules/taxes/views/index.html,,low,No safe frontend text found automatically.,true,"Low runtime risk: app logic uses metric_key, not label, for reads and updates. Medium operational risk: extract-ingestion-data.mjs regenerates label and reseeding/upsert by metric_key would overwrite manual DB changes. Mapping confidence is not high; manual review recommended."
public.ingestion_data,c2b42b84-bb95-4220-92cd-b707a0838282,taxes_modules_taxes_views_index_228,taxes,"$149,715.38","$149,715.38",,modules/taxes/views/index.html,,low,No safe frontend text found automatically.,true,"Low runtime risk: app logic uses metric_key, not label, for reads and updates. Medium operational risk: extract-ingestion-data.mjs regenerates label and reseeding/upsert by metric_key would overwrite manual DB changes. Mapping confidence is not high; manual review recommended."
public.ingestion_data,724ce38a-c433-4235-946a-f5bd0ae346f9,taxes_modules_taxes_views_index_229,taxes,"$159,122.89","$159,122.89",,modules/taxes/views/index.html,,low,No safe frontend text found automatically.,true,"Low runtime risk: app logic uses metric_key, not label, for reads and updates. Medium operational risk: extract-ingestion-data.mjs regenerates label and reseeding/upsert by metric_key would overwrite manual DB changes. Mapping confidence is not high; manual review recommended."